idx,id_spatial,id_region_type,id_region,year,internal_id,value
0,14,4,1001000,2011,[0],44746
1,14,4,1001000,2011,[1],22722
2,14,4,1001000,2011,[2],13172
3,14,4,1001000,2011,[3],4619
4,14,4,1001000,2011,[4],2928
5,14,4,1001000,2011,[5],871
6,14,4,1001000,2011,[6],434
7,14,4,1002000,2011,[0],127889
8,14,4,1002000,2011,[1],61501
9,14,4,1002000,2011,[2],41088
10,14,4,1002000,2011,[3],13166
11,14,4,1002000,2011,[4],8225
12,14,4,1002000,2011,[5],2591
13,14,4,1002000,2011,[6],1318
14,14,4,1003000,2011,[0],109077
15,14,4,1003000,2011,[1],50171
16,14,4,1003000,2011,[2],35482
17,14,4,1003000,2011,[3],12241
18,14,4,1003000,2011,[4],7658
19,14,4,1003000,2011,[5],2298
20,14,4,1003000,2011,[6],1227
21,14,4,1004000,2011,[0],37895
22,14,4,1004000,2011,[1],16275
23,14,4,1004000,2011,[2],11963
24,14,4,1004000,2011,[3],4886
25,14,4,1004000,2011,[4],3234
26,14,4,1004000,2011,[5],1080
27,14,4,1004000,2011,[6],457
28,14,4,1051000,2011,[0],61644
29,14,4,1051000,2011,[1],20259
30,14,4,1051000,2011,[2],22050
31,14,4,1051000,2011,[3],9093
32,14,4,1051000,2011,[4],6830
33,14,4,1051000,2011,[5],2319
34,14,4,1051000,2011,[6],1093
35,14,4,1053000,2011,[0],82965
36,14,4,1053000,2011,[1],26140
37,14,4,1053000,2011,[2],29774
38,14,4,1053000,2011,[3],12825
39,14,4,1053000,2011,[4],9906
40,14,4,1053000,2011,[5],2917
41,14,4,1053000,2011,[6],1403
42,14,4,1054000,2011,[0],80323
43,14,4,1054000,2011,[1],29071
44,14,4,1054000,2011,[2],27656
45,14,4,1054000,2011,[3],10701
46,14,4,1054000,2011,[4],8410
47,14,4,1054000,2011,[5],3054
48,14,4,1054000,2011,[6],1431
49,14,4,1055000,2011,[0],98503
50,14,4,1055000,2011,[1],35614
51,14,4,1055000,2011,[2],36391
52,14,4,1055000,2011,[3],13311
53,14,4,1055000,2011,[4],9216
54,14,4,1055000,2011,[5],2691
55,14,4,1055000,2011,[6],1280
56,14,4,1056000,2011,[0],136155
57,14,4,1056000,2011,[1],46745
58,14,4,1056000,2011,[2],48092
59,14,4,1056000,2011,[3],20136
60,14,4,1056000,2011,[4],15313
61,14,4,1056000,2011,[5],4130
62,14,4,1056000,2011,[6],1739
63,14,4,1057000,2011,[0],57770
64,14,4,1057000,2011,[1],17985
65,14,4,1057000,2011,[2],21632
66,14,4,1057000,2011,[3],8585
67,14,4,1057000,2011,[4],6504
68,14,4,1057000,2011,[5],2053
69,14,4,1057000,2011,[6],1011
70,14,4,1058000,2011,[0],119754
71,14,4,1058000,2011,[1],37497
72,14,4,1058000,2011,[2],42524
73,14,4,1058000,2011,[3],18264
74,14,4,1058000,2011,[4],14772
75,14,4,1058000,2011,[5],4527
76,14,4,1058000,2011,[6],2170
77,14,4,1059000,2011,[0],85234
78,14,4,1059000,2011,[1],26058
79,14,4,1059000,2011,[2],30355
80,14,4,1059000,2011,[3],12888
81,14,4,1059000,2011,[4],10512
82,14,4,1059000,2011,[5],3576
83,14,4,1059000,2011,[6],1845
84,14,4,1060000,2011,[0],114648
85,14,4,1060000,2011,[1],35433
86,14,4,1060000,2011,[2],41276
87,14,4,1060000,2011,[3],18409
88,14,4,1060000,2011,[4],13813
89,14,4,1060000,2011,[5],3867
90,14,4,1060000,2011,[6],1850
91,14,4,1061000,2011,[0],58529
92,14,4,1061000,2011,[1],19396
93,14,4,1061000,2011,[2],20434
94,14,4,1061000,2011,[3],8798
95,14,4,1061000,2011,[4],6810
96,14,4,1061000,2011,[5],2147
97,14,4,1061000,2011,[6],944
98,14,4,1062000,2011,[0],101171
99,14,4,1062000,2011,[1],30834
100,14,4,1062000,2011,[2],36305
101,14,4,1062000,2011,[3],16467
102,14,4,1062000,2011,[4],12547
103,14,4,1062000,2011,[5],3462
104,14,4,1062000,2011,[6],1556
105,14,4,2000000,2011,[0],876502
106,14,4,2000000,2011,[1],408507
107,14,4,2000000,2011,[2],267331
108,14,4,2000000,2011,[3],102924
109,14,4,2000000,2011,[4],66642
110,14,4,2000000,2011,[5],20980
111,14,4,2000000,2011,[6],10118
112,14,4,3101000,2011,[0],128885
113,14,4,3101000,2011,[1],59167
114,14,4,3101000,2011,[2],42036
115,14,4,3101000,2011,[3],14617
116,14,4,3101000,2011,[4],9426
117,14,4,3101000,2011,[5],2592
118,14,4,3101000,2011,[6],1047
119,14,4,3102000,2011,[0],47023
120,14,4,3102000,2011,[1],18235
121,14,4,3102000,2011,[2],15851
122,14,4,3102000,2011,[3],6553
123,14,4,3102000,2011,[4],4343
124,14,4,3102000,2011,[5],1357
125,14,4,3102000,2011,[6],684
126,14,4,3103000,2011,[0],59295
127,14,4,3103000,2011,[1],23588
128,14,4,3103000,2011,[2],20105
129,14,4,3103000,2011,[3],8063
130,14,4,3103000,2011,[4],5316
131,14,4,3103000,2011,[5],1486
132,14,4,3103000,2011,[6],737
133,14,4,3151000,2011,[0],70285
134,14,4,3151000,2011,[1],18786
135,14,4,3151000,2011,[2],23038
136,14,4,3151000,2011,[3],12695
137,14,4,3151000,2011,[4],10455
138,14,4,3151000,2011,[5],3478
139,14,4,3151000,2011,[6],1833
140,14,4,3153000,2011,[0],71818
141,14,4,3153000,2011,[1],28787
142,14,4,3153000,2011,[2],25325
143,14,4,3153000,2011,[3],9467
144,14,4,3153000,2011,[4],5753
145,14,4,3153000,2011,[5],1675
146,14,4,3153000,2011,[6],811
147,14,4,3154000,2011,[0],41895
148,14,4,3154000,2011,[1],13945
149,14,4,3154000,2011,[2],14566
150,14,4,3154000,2011,[3],6890
151,14,4,3154000,2011,[4],4587
152,14,4,3154000,2011,[5],1365
153,14,4,3154000,2011,[6],542
154,14,4,3155000,2011,[0],61560
155,14,4,3155000,2011,[1],20193
156,14,4,3155000,2011,[2],21010
157,14,4,3155000,2011,[3],10156
158,14,4,3155000,2011,[4],7051
159,14,4,3155000,2011,[5],2123
160,14,4,3155000,2011,[6],1027
161,14,4,3157000,2011,[0],56354
162,14,4,3157000,2011,[1],16865
163,14,4,3157000,2011,[2],19677
164,14,4,3157000,2011,[3],9644
165,14,4,3157000,2011,[4],7089
166,14,4,3157000,2011,[5],2095
167,14,4,3157000,2011,[6],984
168,14,4,3158000,2011,[0],54816
169,14,4,3158000,2011,[1],18280
170,14,4,3158000,2011,[2],18800
171,14,4,3158000,2011,[3],8799
172,14,4,3158000,2011,[4],6334
173,14,4,3158000,2011,[5],1824
174,14,4,3158000,2011,[6],779
175,14,4,3159000,2011,[0],159234
176,14,4,3159000,2011,[1],63883
177,14,4,3159000,2011,[2],50947
178,14,4,3159000,2011,[3],22161
179,14,4,3159000,2011,[4],15338
180,14,4,3159000,2011,[5],4674
181,14,4,3159000,2011,[6],2231
182,14,4,3241000,2011,[0],546904
183,14,4,3241000,2011,[1],232085
184,14,4,3241000,2011,[2],175841
185,14,4,3241000,2011,[3],70326
186,14,4,3241000,2011,[4],48339
187,14,4,3241000,2011,[5],14049
188,14,4,3241000,2011,[6],6264
189,14,4,3251000,2011,[0],88996
190,14,4,3251000,2011,[1],25454
191,14,4,3251000,2011,[2],31550
192,14,4,3251000,2011,[3],14807
193,14,4,3251000,2011,[4],11523
194,14,4,3251000,2011,[5],3694
195,14,4,3251000,2011,[6],1968
196,14,4,3252000,2011,[0],70510
197,14,4,3252000,2011,[1],26520
198,14,4,3252000,2011,[2],24269
199,14,4,3252000,2011,[3],9748
200,14,4,3252000,2011,[4],6937
201,14,4,3252000,2011,[5],2064
202,14,4,3252000,2011,[6],972
203,14,4,3254000,2011,[0],127893
204,14,4,3254000,2011,[1],45671
205,14,4,3254000,2011,[2],43431
206,14,4,3254000,2011,[3],19176
207,14,4,3254000,2011,[4],13816
208,14,4,3254000,2011,[5],3998
209,14,4,3254000,2011,[6],1801
210,14,4,3255000,2011,[0],33407
211,14,4,3255000,2011,[1],11110
212,14,4,3255000,2011,[2],11165
213,14,4,3255000,2011,[3],5399
214,14,4,3255000,2011,[4],3855
215,14,4,3255000,2011,[5],1249
216,14,4,3255000,2011,[6],629
217,14,4,3256000,2011,[0],50721
218,14,4,3256000,2011,[1],14986
219,14,4,3256000,2011,[2],16870
220,14,4,3256000,2011,[3],8376
221,14,4,3256000,2011,[4],6754
222,14,4,3256000,2011,[5],2332
223,14,4,3256000,2011,[6],1403
224,14,4,3257000,2011,[0],70482
225,14,4,3257000,2011,[1],23213
226,14,4,3257000,2011,[2],24342
227,14,4,3257000,2011,[3],11094
228,14,4,3257000,2011,[4],8170
229,14,4,3257000,2011,[5],2491
230,14,4,3257000,2011,[6],1172
231,14,4,3351000,2011,[0],78364
232,14,4,3351000,2011,[1],26078
233,14,4,3351000,2011,[2],27214
234,14,4,3351000,2011,[3],11607
235,14,4,3351000,2011,[4],8754
236,14,4,3351000,2011,[5],3031
237,14,4,3351000,2011,[6],1680
238,14,4,3352000,2011,[0],89377
239,14,4,3352000,2011,[1],27300
240,14,4,3352000,2011,[2],32915
241,14,4,3352000,2011,[3],14070
242,14,4,3352000,2011,[4],10142
243,14,4,3352000,2011,[5],3238
244,14,4,3352000,2011,[6],1712
245,14,4,3353000,2011,[0],104989
246,14,4,3353000,2011,[1],31468
247,14,4,3353000,2011,[2],38482
248,14,4,3353000,2011,[3],16847
249,14,4,3353000,2011,[4],13150
250,14,4,3353000,2011,[5],3518
251,14,4,3353000,2011,[6],1524
252,14,4,3354000,2011,[0],22821
253,14,4,3354000,2011,[1],7762
254,14,4,3354000,2011,[2],7719
255,14,4,3354000,2011,[3],3500
256,14,4,3354000,2011,[4],2409
257,14,4,3354000,2011,[5],880
258,14,4,3354000,2011,[6],551
259,14,4,3355000,2011,[0],79163
260,14,4,3355000,2011,[1],28317
261,14,4,3355000,2011,[2],26002
262,14,4,3355000,2011,[3],11843
263,14,4,3355000,2011,[4],9012
264,14,4,3355000,2011,[5],2666
265,14,4,3355000,2011,[6],1323
266,14,4,3356000,2011,[0],47174
267,14,4,3356000,2011,[1],13263
268,14,4,3356000,2011,[2],17467
269,14,4,3356000,2011,[3],7713
270,14,4,3356000,2011,[4],6160
271,14,4,3356000,2011,[5],1734
272,14,4,3356000,2011,[6],837
273,14,4,3357000,2011,[0],67143
274,14,4,3357000,2011,[1],18953
275,14,4,3357000,2011,[2],22565
276,14,4,3357000,2011,[3],11286
277,14,4,3357000,2011,[4],9269
278,14,4,3357000,2011,[5],3250
279,14,4,3357000,2011,[6],1820
280,14,4,3358000,2011,[0],59924
281,14,4,3358000,2011,[1],19370
282,14,4,3358000,2011,[2],20717
283,14,4,3358000,2011,[3],9278
284,14,4,3358000,2011,[4],6981
285,14,4,3358000,2011,[5],2330
286,14,4,3358000,2011,[6],1248
287,14,4,3359000,2011,[0],84704
288,14,4,3359000,2011,[1],26527
289,14,4,3359000,2011,[2],29404
290,14,4,3359000,2011,[3],13168
291,14,4,3359000,2011,[4],10778
292,14,4,3359000,2011,[5],3305
293,14,4,3359000,2011,[6],1522
294,14,4,3360000,2011,[0],42809
295,14,4,3360000,2011,[1],14890
296,14,4,3360000,2011,[2],14832
297,14,4,3360000,2011,[3],6209
298,14,4,3360000,2011,[4],4543
299,14,4,3360000,2011,[5],1560
300,14,4,3360000,2011,[6],775
301,14,4,3361000,2011,[0],56835
302,14,4,3361000,2011,[1],16859
303,14,4,3361000,2011,[2],20569
304,14,4,3361000,2011,[3],9161
305,14,4,3361000,2011,[4],6864
306,14,4,3361000,2011,[5],2144
307,14,4,3361000,2011,[6],1238
308,14,4,3401000,2011,[0],34538
309,14,4,3401000,2011,[1],12723
310,14,4,3401000,2011,[2],12024
311,14,4,3401000,2011,[3],4999
312,14,4,3401000,2011,[4],3249
313,14,4,3401000,2011,[5],1043
314,14,4,3401000,2011,[6],500
315,14,4,3402000,2011,[0],23940
316,14,4,3402000,2011,[1],9450
317,14,4,3402000,2011,[2],7982
318,14,4,3402000,2011,[3],3215
319,14,4,3402000,2011,[4],2326
320,14,4,3402000,2011,[5],671
321,14,4,3402000,2011,[6],296
322,14,4,3403000,2011,[0],81055
323,14,4,3403000,2011,[1],35253
324,14,4,3403000,2011,[2],26868
325,14,4,3403000,2011,[3],9566
326,14,4,3403000,2011,[4],6617
327,14,4,3403000,2011,[5],1903
328,14,4,3403000,2011,[6],848
329,14,4,3404000,2011,[0],79831
330,14,4,3404000,2011,[1],36429
331,14,4,3404000,2011,[2],25029
332,14,4,3404000,2011,[3],9182
333,14,4,3404000,2011,[4],6182
334,14,4,3404000,2011,[5],2047
335,14,4,3404000,2011,[6],962
336,14,4,3405000,2011,[0],40810
337,14,4,3405000,2011,[1],19164
338,14,4,3405000,2011,[2],13571
339,14,4,3405000,2011,[3],4250
340,14,4,3405000,2011,[4],2589
341,14,4,3405000,2011,[5],819
342,14,4,3405000,2011,[6],417
343,14,4,3451000,2011,[0],50594
344,14,4,3451000,2011,[1],14550
345,14,4,3451000,2011,[2],18547
346,14,4,3451000,2011,[3],7858
347,14,4,3451000,2011,[4],6784
348,14,4,3451000,2011,[5],2053
349,14,4,3451000,2011,[6],802
350,14,4,3452000,2011,[0],83435
351,14,4,3452000,2011,[1],25073
352,14,4,3452000,2011,[2],29402
353,14,4,3452000,2011,[3],13514
354,14,4,3452000,2011,[4],10572
355,14,4,3452000,2011,[5],3406
356,14,4,3452000,2011,[6],1468
357,14,4,3453000,2011,[0],56951
358,14,4,3453000,2011,[1],12903
359,14,4,3453000,2011,[2],16993
360,14,4,3453000,2011,[3],9638
361,14,4,3453000,2011,[4],9946
362,14,4,3453000,2011,[5],4451
363,14,4,3453000,2011,[6],3020
364,14,4,3454000,2011,[0],118026
365,14,4,3454000,2011,[1],29444
366,14,4,3454000,2011,[2],36361
367,14,4,3454000,2011,[3],19707
368,14,4,3454000,2011,[4],20027
369,14,4,3454000,2011,[5],8110
370,14,4,3454000,2011,[6],4377
371,14,4,3455000,2011,[0],44971
372,14,4,3455000,2011,[1],14278
373,14,4,3455000,2011,[2],17154
374,14,4,3455000,2011,[3],6629
375,14,4,3455000,2011,[4],4881
376,14,4,3455000,2011,[5],1454
377,14,4,3455000,2011,[6],575
378,14,4,3456000,2011,[0],52587
379,14,4,3456000,2011,[1],13762
380,14,4,3456000,2011,[2],17288
381,14,4,3456000,2011,[3],8644
382,14,4,3456000,2011,[4],8215
383,14,4,3456000,2011,[5],3029
384,14,4,3456000,2011,[6],1649
385,14,4,3457000,2011,[0],69398
386,14,4,3457000,2011,[1],20409
387,14,4,3457000,2011,[2],24027
388,14,4,3457000,2011,[3],11164
389,14,4,3457000,2011,[4],9278
390,14,4,3457000,2011,[5],3123
391,14,4,3457000,2011,[6],1397
392,14,4,3458000,2011,[0],51819
393,14,4,3458000,2011,[1],14011
394,14,4,3458000,2011,[2],18350
395,14,4,3458000,2011,[3],9003
396,14,4,3458000,2011,[4],7269
397,14,4,3458000,2011,[5],2151
398,14,4,3458000,2011,[6],1035
399,14,4,3459000,2011,[0],141785
400,14,4,3459000,2011,[1],39961
401,14,4,3459000,2011,[2],46423
402,14,4,3459000,2011,[3],23251
403,14,4,3459000,2011,[4],20618
404,14,4,3459000,2011,[5],7656
405,14,4,3459000,2011,[6],3876
406,14,4,3460000,2011,[0],49046
407,14,4,3460000,2011,[1],12243
408,14,4,3460000,2011,[2],13922
409,14,4,3460000,2011,[3],8410
410,14,4,3460000,2011,[4],8646
411,14,4,3460000,2011,[5],3760
412,14,4,3460000,2011,[6],2065
413,14,4,3461000,2011,[0],40428
414,14,4,3461000,2011,[1],13348
415,14,4,3461000,2011,[2],14207
416,14,4,3461000,2011,[3],6000
417,14,4,3461000,2011,[4],4702
418,14,4,3461000,2011,[5],1436
419,14,4,3461000,2011,[6],735
420,14,4,3462000,2011,[0],25245
421,14,4,3462000,2011,[1],7751
422,14,4,3462000,2011,[2],8777
423,14,4,3462000,2011,[3],4090
424,14,4,3462000,2011,[4],3036
425,14,4,3462000,2011,[5],1100
426,14,4,3462000,2011,[6],491
427,14,4,4011000,2011,[0],274377
428,14,4,4011000,2011,[1],122328
429,14,4,4011000,2011,[2],86974
430,14,4,4011000,2011,[3],33527
431,14,4,4011000,2011,[4],21321
432,14,4,4011000,2011,[5],6803
433,14,4,4011000,2011,[6],3424
434,14,4,4012000,2011,[0],56701
435,14,4,4012000,2011,[1],26970
436,14,4,4012000,2011,[2],17585
437,14,4,4012000,2011,[3],6243
438,14,4,4012000,2011,[4],3821
439,14,4,4012000,2011,[5],1354
440,14,4,4012000,2011,[6],728
441,14,4,5111000,2011,[0],318313
442,14,4,5111000,2011,[1],159252
443,14,4,5111000,2011,[2],91731
444,14,4,5111000,2011,[3],34942
445,14,4,5111000,2011,[4],22417
446,14,4,5111000,2011,[5],6827
447,14,4,5111000,2011,[6],3144
448,14,4,5112000,2011,[0],234433
449,14,4,5112000,2011,[1],96800
450,14,4,5112000,2011,[2],76723
451,14,4,5112000,2011,[3],29609
452,14,4,5112000,2011,[4],19914
453,14,4,5112000,2011,[5],7193
454,14,4,5112000,2011,[6],4194
455,14,4,5113000,2011,[0],288262
456,14,4,5113000,2011,[1],130182
457,14,4,5113000,2011,[2],93503
458,14,4,5113000,2011,[3],33077
459,14,4,5113000,2011,[4],21589
460,14,4,5113000,2011,[5],6432
461,14,4,5113000,2011,[6],3479
462,14,4,5114000,2011,[0],108852
463,14,4,5114000,2011,[1],45525
464,14,4,5114000,2011,[2],35400
465,14,4,5114000,2011,[3],13615
466,14,4,5114000,2011,[4],9833
467,14,4,5114000,2011,[5],3106
468,14,4,5114000,2011,[6],1373
469,14,4,5116000,2011,[0],122401
470,14,4,5116000,2011,[1],50424
471,14,4,5116000,2011,[2],39648
472,14,4,5116000,2011,[3],15918
473,14,4,5116000,2011,[4],10904
474,14,4,5116000,2011,[5],3652
475,14,4,5116000,2011,[6],1855
476,14,4,5117000,2011,[0],82937
477,14,4,5117000,2011,[1],34075
478,14,4,5117000,2011,[2],28910
479,14,4,5117000,2011,[3],10379
480,14,4,5117000,2011,[4],6799
481,14,4,5117000,2011,[5],1947
482,14,4,5117000,2011,[6],827
483,14,4,5119000,2011,[0],102105
484,14,4,5119000,2011,[1],41200
485,14,4,5119000,2011,[2],34612
486,14,4,5119000,2011,[3],13732
487,14,4,5119000,2011,[4],8655
488,14,4,5119000,2011,[5],2631
489,14,4,5119000,2011,[6],1275
490,14,4,5120000,2011,[0],52538
491,14,4,5120000,2011,[1],21297
492,14,4,5120000,2011,[2],16892
493,14,4,5120000,2011,[3],6953
494,14,4,5120000,2011,[4],5057
495,14,4,5120000,2011,[5],1611
496,14,4,5120000,2011,[6],728
497,14,4,5122000,2011,[0],73560
498,14,4,5122000,2011,[1],29534
499,14,4,5122000,2011,[2],24103
500,14,4,5122000,2011,[3],9589
501,14,4,5122000,2011,[4],7135
502,14,4,5122000,2011,[5],2210
503,14,4,5122000,2011,[6],989
504,14,4,5124000,2011,[0],173241
505,14,4,5124000,2011,[1],78144
506,14,4,5124000,2011,[2],54992
507,14,4,5124000,2011,[3],19810
508,14,4,5124000,2011,[4],13672
509,14,4,5124000,2011,[5],4419
510,14,4,5124000,2011,[6],2204
511,14,4,5154000,2011,[0],127894
512,14,4,5154000,2011,[1],39281
513,14,4,5154000,2011,[2],44515
514,14,4,5154000,2011,[3],20002
515,14,4,5154000,2011,[4],16286
516,14,4,5154000,2011,[5],5317
517,14,4,5154000,2011,[6],2493
518,14,4,5158000,2011,[0],224472
519,14,4,5158000,2011,[1],82285
520,14,4,5158000,2011,[2],79110
521,14,4,5158000,2011,[3],31582
522,14,4,5158000,2011,[4],22651
523,14,4,5158000,2011,[5],6294
524,14,4,5158000,2011,[6],2550
525,14,4,5162000,2011,[0],196500
526,14,4,5162000,2011,[1],65185
527,14,4,5162000,2011,[2],69443
528,14,4,5162000,2011,[3],29859
529,14,4,5162000,2011,[4],22352
530,14,4,5162000,2011,[5],6785
531,14,4,5162000,2011,[6],2876
532,14,4,5166000,2011,[0],130720
533,14,4,5166000,2011,[1],41579
534,14,4,5166000,2011,[2],46381
535,14,4,5166000,2011,[3],20362
536,14,4,5166000,2011,[4],15792
537,14,4,5166000,2011,[5],4742
538,14,4,5166000,2011,[6],1864
539,14,4,5170000,2011,[0],204270
540,14,4,5170000,2011,[1],65121
541,14,4,5170000,2011,[2],73723
542,14,4,5170000,2011,[3],32400
543,14,4,5170000,2011,[4],22850
544,14,4,5170000,2011,[5],6913
545,14,4,5170000,2011,[6],3263
546,14,4,5314000,2011,[0],155633
547,14,4,5314000,2011,[1],73476
548,14,4,5314000,2011,[2],44195
549,14,4,5314000,2011,[3],17631
550,14,4,5314000,2011,[4],13064
551,14,4,5314000,2011,[5],4671
552,14,4,5314000,2011,[6],2596
553,14,4,5315000,2011,[0],515175
554,14,4,5315000,2011,[1],243343
555,14,4,5315000,2011,[2],155159
556,14,4,5315000,2011,[3],56958
557,14,4,5315000,2011,[4],39742
558,14,4,5315000,2011,[5],13010
559,14,4,5315000,2011,[6],6963
560,14,4,5316000,2011,[0],76315
561,14,4,5316000,2011,[1],29549
562,14,4,5316000,2011,[2],26531
563,14,4,5316000,2011,[3],9946
564,14,4,5316000,2011,[4],7117
565,14,4,5316000,2011,[5],2231
566,14,4,5316000,2011,[6],941
567,14,4,5334000,2011,[0],262749
568,14,4,5334000,2011,[1],110326
569,14,4,5334000,2011,[2],82702
570,14,4,5334000,2011,[3],34146
571,14,4,5334000,2011,[4],24338
572,14,4,5334000,2011,[5],7911
573,14,4,5334000,2011,[6],3326
574,14,4,5358000,2011,[0],112215
575,14,4,5358000,2011,[1],35145
576,14,4,5358000,2011,[2],39137
577,14,4,5358000,2011,[3],18032
578,14,4,5358000,2011,[4],13354
579,14,4,5358000,2011,[5],4398
580,14,4,5358000,2011,[6],2149
581,14,4,5362000,2011,[0],201209
582,14,4,5362000,2011,[1],65797
583,14,4,5362000,2011,[2],70955
584,14,4,5362000,2011,[3],31395
585,14,4,5362000,2011,[4],22871
586,14,4,5362000,2011,[5],7033
587,14,4,5362000,2011,[6],3158
588,14,4,5366000,2011,[0],80361
589,14,4,5366000,2011,[1],24226
590,14,4,5366000,2011,[2],28061
591,14,4,5366000,2011,[3],13143
592,14,4,5366000,2011,[4],10071
593,14,4,5366000,2011,[5],3343
594,14,4,5366000,2011,[6],1517
595,14,4,5370000,2011,[0],103198
596,14,4,5370000,2011,[1],28574
597,14,4,5370000,2011,[2],36516
598,14,4,5370000,2011,[3],17928
599,14,4,5370000,2011,[4],13884
600,14,4,5370000,2011,[5],4412
601,14,4,5370000,2011,[6],1884
602,14,4,5374000,2011,[0],115706
603,14,4,5374000,2011,[1],36493
604,14,4,5374000,2011,[2],38987
605,14,4,5374000,2011,[3],17733
606,14,4,5374000,2011,[4],14556
607,14,4,5374000,2011,[5],5190
608,14,4,5374000,2011,[6],2747
609,14,4,5378000,2011,[0],125190
610,14,4,5378000,2011,[1],41702
611,14,4,5378000,2011,[2],44145
612,14,4,5378000,2011,[3],18588
613,14,4,5378000,2011,[4],14698
614,14,4,5378000,2011,[5],4340
615,14,4,5378000,2011,[6],1717
616,14,4,5382000,2011,[0],248569
617,14,4,5382000,2011,[1],75844
618,14,4,5382000,2011,[2],87435
619,14,4,5382000,2011,[3],39355
620,14,4,5382000,2011,[4],31203
621,14,4,5382000,2011,[5],9961
622,14,4,5382000,2011,[6],4771
623,14,4,5512000,2011,[0],54738
624,14,4,5512000,2011,[1],19620
625,14,4,5512000,2011,[2],19316
626,14,4,5512000,2011,[3],8051
627,14,4,5512000,2011,[4],5429
628,14,4,5512000,2011,[5],1561
629,14,4,5512000,2011,[6],761
630,14,4,5513000,2011,[0],125176
631,14,4,5513000,2011,[1],53103
632,14,4,5513000,2011,[2],39485
633,14,4,5513000,2011,[3],16280
634,14,4,5513000,2011,[4],10622
635,14,4,5513000,2011,[5],3659
636,14,4,5513000,2011,[6],2027
637,14,4,5515000,2011,[0],147998
638,14,4,5515000,2011,[1],67933
639,14,4,5515000,2011,[2],44000
640,14,4,5515000,2011,[3],18022
641,14,4,5515000,2011,[4],12272
642,14,4,5515000,2011,[5],3994
643,14,4,5515000,2011,[6],1777
644,14,4,5554000,2011,[0],142908
645,14,4,5554000,2011,[1],39379
646,14,4,5554000,2011,[2],45014
647,14,4,5554000,2011,[3],22693
648,14,4,5554000,2011,[4],22475
649,14,4,5554000,2011,[5],8794
650,14,4,5554000,2011,[6],4553
651,14,4,5558000,2011,[0],87604
652,14,4,5558000,2011,[1],24499
653,14,4,5558000,2011,[2],29889
654,14,4,5558000,2011,[3],13722
655,14,4,5558000,2011,[4],12971
656,14,4,5558000,2011,[5],4423
657,14,4,5558000,2011,[6],2100
658,14,4,5562000,2011,[0],287490
659,14,4,5562000,2011,[1],104281
660,14,4,5562000,2011,[2],99797
661,14,4,5562000,2011,[3],42048
662,14,4,5562000,2011,[4],28656
663,14,4,5562000,2011,[5],8751
664,14,4,5562000,2011,[6],3957
665,14,4,5566000,2011,[0],173970
666,14,4,5566000,2011,[1],47769
667,14,4,5566000,2011,[2],56349
668,14,4,5566000,2011,[3],28230
669,14,4,5566000,2011,[4],26805
670,14,4,5566000,2011,[5],9909
671,14,4,5566000,2011,[6],4908
672,14,4,5570000,2011,[0],113276
673,14,4,5570000,2011,[1],33796
674,14,4,5570000,2011,[2],37054
675,14,4,5570000,2011,[3],18043
676,14,4,5570000,2011,[4],15960
677,14,4,5570000,2011,[5],5648
678,14,4,5570000,2011,[6],2775
679,14,4,5711000,2011,[0],157708
680,14,4,5711000,2011,[1],67499
681,14,4,5711000,2011,[2],49107
682,14,4,5711000,2011,[3],19310
683,14,4,5711000,2011,[4],14186
684,14,4,5711000,2011,[5],4956
685,14,4,5711000,2011,[6],2650
686,14,4,5754000,2011,[0],145322
687,14,4,5754000,2011,[1],43872
688,14,4,5754000,2011,[2],47267
689,14,4,5754000,2011,[3],23411
690,14,4,5754000,2011,[4],20197
691,14,4,5754000,2011,[5],6966
692,14,4,5754000,2011,[6],3609
693,14,4,5758000,2011,[0],110006
694,14,4,5758000,2011,[1],36028
695,14,4,5758000,2011,[2],37209
696,14,4,5758000,2011,[3],17330
697,14,4,5758000,2011,[4],13190
698,14,4,5758000,2011,[5],4179
699,14,4,5758000,2011,[6],2070
700,14,4,5762000,2011,[0],60361
701,14,4,5762000,2011,[1],18053
702,14,4,5762000,2011,[2],19154
703,14,4,5762000,2011,[3],9958
704,14,4,5762000,2011,[4],8623
705,14,4,5762000,2011,[5],3109
706,14,4,5762000,2011,[6],1464
707,14,4,5766000,2011,[0],153742
708,14,4,5766000,2011,[1],52353
709,14,4,5766000,2011,[2],51821
710,14,4,5766000,2011,[3],22763
711,14,4,5766000,2011,[4],17488
712,14,4,5766000,2011,[5],5901
713,14,4,5766000,2011,[6],3416
714,14,4,5770000,2011,[0],131725
715,14,4,5770000,2011,[1],41895
716,14,4,5770000,2011,[2],43097
717,14,4,5770000,2011,[3],20968
718,14,4,5770000,2011,[4],16431
719,14,4,5770000,2011,[5],5872
720,14,4,5770000,2011,[6],3462
721,14,4,5774000,2011,[0],126967
722,14,4,5774000,2011,[1],42984
723,14,4,5774000,2011,[2],38145
724,14,4,5774000,2011,[3],19731
725,14,4,5774000,2011,[4],17314
726,14,4,5774000,2011,[5],5946
727,14,4,5774000,2011,[6],2847
728,14,4,5911000,2011,[0],186361
729,14,4,5911000,2011,[1],82996
730,14,4,5911000,2011,[2],61995
731,14,4,5911000,2011,[3],22000
732,14,4,5911000,2011,[4],13801
733,14,4,5911000,2011,[5],3816
734,14,4,5911000,2011,[6],1753
735,14,4,5913000,2011,[0],289554
736,14,4,5913000,2011,[1],128558
737,14,4,5913000,2011,[2],91749
738,14,4,5913000,2011,[3],36177
739,14,4,5913000,2011,[4],22562
740,14,4,5913000,2011,[5],7214
741,14,4,5913000,2011,[6],3294
742,14,4,5914000,2011,[0],91464
743,14,4,5914000,2011,[1],37883
744,14,4,5914000,2011,[2],30204
745,14,4,5914000,2011,[3],11447
746,14,4,5914000,2011,[4],7947
747,14,4,5914000,2011,[5],2693
748,14,4,5914000,2011,[6],1290
749,14,4,5915000,2011,[0],79029
750,14,4,5915000,2011,[1],27999
751,14,4,5915000,2011,[2],26405
752,14,4,5915000,2011,[3],11652
753,14,4,5915000,2011,[4],8544
754,14,4,5915000,2011,[5],2982
755,14,4,5915000,2011,[6],1447
756,14,4,5916000,2011,[0],75484
757,14,4,5916000,2011,[1],31110
758,14,4,5916000,2011,[2],25165
759,14,4,5916000,2011,[3],9812
760,14,4,5916000,2011,[4],6313
761,14,4,5916000,2011,[5],2073
762,14,4,5916000,2011,[6],1011
763,14,4,5954000,2011,[0],156410
764,14,4,5954000,2011,[1],60197
765,14,4,5954000,2011,[2],54792
766,14,4,5954000,2011,[3],21109
767,14,4,5954000,2011,[4],14428
768,14,4,5954000,2011,[5],4108
769,14,4,5954000,2011,[6],1776
770,14,4,5958000,2011,[0],115442
771,14,4,5958000,2011,[1],37920
772,14,4,5958000,2011,[2],38322
773,14,4,5958000,2011,[3],17302
774,14,4,5958000,2011,[4],14806
775,14,4,5958000,2011,[5],4935
776,14,4,5958000,2011,[6],2157
777,14,4,5962000,2011,[0],191898
778,14,4,5962000,2011,[1],67601
779,14,4,5962000,2011,[2],65980
780,14,4,5962000,2011,[3],27589
781,14,4,5962000,2011,[4],20802
782,14,4,5962000,2011,[5],6714
783,14,4,5962000,2011,[6],3212
784,14,4,5966000,2011,[0],56892
785,14,4,5966000,2011,[1],17013
786,14,4,5966000,2011,[2],18400
787,14,4,5966000,2011,[3],9245
788,14,4,5966000,2011,[4],8361
789,14,4,5966000,2011,[5],2732
790,14,4,5966000,2011,[6],1141
791,14,4,5970000,2011,[0],124107
792,14,4,5970000,2011,[1],42420
793,14,4,5970000,2011,[2],41026
794,14,4,5970000,2011,[3],18887
795,14,4,5970000,2011,[4],14631
796,14,4,5970000,2011,[5],4966
797,14,4,5970000,2011,[6],2177
798,14,4,5974000,2011,[0],128423
799,14,4,5974000,2011,[1],42094
800,14,4,5974000,2011,[2],42037
801,14,4,5974000,2011,[3],20465
802,14,4,5974000,2011,[4],16334
803,14,4,5974000,2011,[5],5380
804,14,4,5974000,2011,[6],2113
805,14,4,5978000,2011,[0],179865
806,14,4,5978000,2011,[1],62177
807,14,4,5978000,2011,[2],62049
808,14,4,5978000,2011,[3],27942
809,14,4,5978000,2011,[4],19332
810,14,4,5978000,2011,[5],5844
811,14,4,5978000,2011,[6],2521
812,14,4,6411000,2011,[0],72340
813,14,4,6411000,2011,[1],32354
814,14,4,6411000,2011,[2],21690
815,14,4,6411000,2011,[3],8944
816,14,4,6411000,2011,[4],6260
817,14,4,6411000,2011,[5],1996
818,14,4,6411000,2011,[6],1096
819,14,4,6412000,2011,[0],354758
820,14,4,6412000,2011,[1],170534
821,14,4,6412000,2011,[2],98175
822,14,4,6412000,2011,[3],41658
823,14,4,6412000,2011,[4],28102
824,14,4,6412000,2011,[5],10097
825,14,4,6412000,2011,[6],6192
826,14,4,6413000,2011,[0],55788
827,14,4,6413000,2011,[1],24524
828,14,4,6413000,2011,[2],16304
829,14,4,6413000,2011,[3],7066
830,14,4,6413000,2011,[4],4732
831,14,4,6413000,2011,[5],1918
832,14,4,6413000,2011,[6],1244
833,14,4,6414000,2011,[0],132652
834,14,4,6414000,2011,[1],57988
835,14,4,6414000,2011,[2],39695
836,14,4,6414000,2011,[3],16984
837,14,4,6414000,2011,[4],11599
838,14,4,6414000,2011,[5],3943
839,14,4,6414000,2011,[6],2443
840,14,4,6431000,2011,[0],114734
841,14,4,6431000,2011,[1],36102
842,14,4,6431000,2011,[2],39167
843,14,4,6431000,2011,[3],19211
844,14,4,6431000,2011,[4],14109
845,14,4,6431000,2011,[5],4144
846,14,4,6431000,2011,[6],2001
847,14,4,6432000,2011,[0],122206
848,14,4,6432000,2011,[1],37019
849,14,4,6432000,2011,[2],41512
850,14,4,6432000,2011,[3],20643
851,14,4,6432000,2011,[4],15872
852,14,4,6432000,2011,[5],4822
853,14,4,6432000,2011,[6],2338
854,14,4,6433000,2011,[0],111957
855,14,4,6433000,2011,[1],38227
856,14,4,6433000,2011,[2],37093
857,14,4,6433000,2011,[3],17108
858,14,4,6433000,2011,[4],12809
859,14,4,6433000,2011,[5],4257
860,14,4,6433000,2011,[6],2463
861,14,4,6434000,2011,[0],102757
862,14,4,6434000,2011,[1],35717
863,14,4,6434000,2011,[2],33938
864,14,4,6434000,2011,[3],15499
865,14,4,6434000,2011,[4],12188
866,14,4,6434000,2011,[5],3733
867,14,4,6434000,2011,[6],1682
868,14,4,6435000,2011,[0],178275
869,14,4,6435000,2011,[1],58509
870,14,4,6435000,2011,[2],59750
871,14,4,6435000,2011,[3],28895
872,14,4,6435000,2011,[4],21174
873,14,4,6435000,2011,[5],6610
874,14,4,6435000,2011,[6],3337
875,14,4,6436000,2011,[0],102898
876,14,4,6436000,2011,[1],35447
877,14,4,6436000,2011,[2],35301
878,14,4,6436000,2011,[3],15346
879,14,4,6436000,2011,[4],11970
880,14,4,6436000,2011,[5],3385
881,14,4,6436000,2011,[6],1449
882,14,4,6437000,2011,[0],41310
883,14,4,6437000,2011,[1],12291
884,14,4,6437000,2011,[2],13859
885,14,4,6437000,2011,[3],6875
886,14,4,6437000,2011,[4],5498
887,14,4,6437000,2011,[5],1784
888,14,4,6437000,2011,[6],1003
889,14,4,6438000,2011,[0],152499
890,14,4,6438000,2011,[1],53253
891,14,4,6438000,2011,[2],51870
892,14,4,6438000,2011,[3],23104
893,14,4,6438000,2011,[4],16682
894,14,4,6438000,2011,[5],5043
895,14,4,6438000,2011,[6],2547
896,14,4,6439000,2011,[0],81374
897,14,4,6439000,2011,[1],26465
898,14,4,6439000,2011,[2],28132
899,14,4,6439000,2011,[3],12966
900,14,4,6439000,2011,[4],9759
901,14,4,6439000,2011,[5],2774
902,14,4,6439000,2011,[6],1278
903,14,4,6440000,2011,[0],127582
904,14,4,6440000,2011,[1],41245
905,14,4,6440000,2011,[2],41736
906,14,4,6440000,2011,[3],20966
907,14,4,6440000,2011,[4],16007
908,14,4,6440000,2011,[5],5136
909,14,4,6440000,2011,[6],2492
910,14,4,6531000,2011,[0],117513
911,14,4,6531000,2011,[1],43659
912,14,4,6531000,2011,[2],37034
913,14,4,6531000,2011,[3],18156
914,14,4,6531000,2011,[4],12573
915,14,4,6531000,2011,[5],3947
916,14,4,6531000,2011,[6],2144
917,14,4,6532000,2011,[0],109042
918,14,4,6532000,2011,[1],33693
919,14,4,6532000,2011,[2],36088
920,14,4,6532000,2011,[3],18515
921,14,4,6532000,2011,[4],13794
922,14,4,6532000,2011,[5],4697
923,14,4,6532000,2011,[6],2255
924,14,4,6533000,2011,[0],73012
925,14,4,6533000,2011,[1],22195
926,14,4,6533000,2011,[2],24334
927,14,4,6533000,2011,[3],12166
928,14,4,6533000,2011,[4],9702
929,14,4,6533000,2011,[5],3141
930,14,4,6533000,2011,[6],1474
931,14,4,6534000,2011,[0],107557
932,14,4,6534000,2011,[1],36734
933,14,4,6534000,2011,[2],33227
934,14,4,6534000,2011,[3],17465
935,14,4,6534000,2011,[4],13181
936,14,4,6534000,2011,[5],4571
937,14,4,6534000,2011,[6],2379
938,14,4,6535000,2011,[0],45987
939,14,4,6535000,2011,[1],13405
940,14,4,6535000,2011,[2],15794
941,14,4,6535000,2011,[3],7758
942,14,4,6535000,2011,[4],5951
943,14,4,6535000,2011,[5],2025
944,14,4,6535000,2011,[6],1054
945,14,4,6611000,2011,[0],99530
946,14,4,6611000,2011,[1],46477
947,14,4,6611000,2011,[2],31262
948,14,4,6611000,2011,[3],11190
949,14,4,6611000,2011,[4],7057
950,14,4,6611000,2011,[5],2357
951,14,4,6611000,2011,[6],1187
952,14,4,6631000,2011,[0],94150
953,14,4,6631000,2011,[1],30773
954,14,4,6631000,2011,[2],29716
955,14,4,6631000,2011,[3],14491
956,14,4,6631000,2011,[4],13038
957,14,4,6631000,2011,[5],4310
958,14,4,6631000,2011,[6],1822
959,14,4,6632000,2011,[0],52993
960,14,4,6632000,2011,[1],16151
961,14,4,6632000,2011,[2],17329
962,14,4,6632000,2011,[3],9446
963,14,4,6632000,2011,[4],6810
964,14,4,6632000,2011,[5],2153
965,14,4,6632000,2011,[6],1104
966,14,4,6633000,2011,[0],105370
967,14,4,6633000,2011,[1],31484
968,14,4,6633000,2011,[2],38161
969,14,4,6633000,2011,[3],18315
970,14,4,6633000,2011,[4],12435
971,14,4,6633000,2011,[5],3482
972,14,4,6633000,2011,[6],1493
973,14,4,6634000,2011,[0],79012
974,14,4,6634000,2011,[1],23210
975,14,4,6634000,2011,[2],26244
976,14,4,6634000,2011,[3],14298
977,14,4,6634000,2011,[4],10539
978,14,4,6634000,2011,[5],3267
979,14,4,6634000,2011,[6],1454
980,14,4,6635000,2011,[0],69582
981,14,4,6635000,2011,[1],22477
982,14,4,6635000,2011,[2],22627
983,14,4,6635000,2011,[3],11303
984,14,4,6635000,2011,[4],8825
985,14,4,6635000,2011,[5],2917
986,14,4,6635000,2011,[6],1433
987,14,4,6636000,2011,[0],46222
988,14,4,6636000,2011,[1],14983
989,14,4,6636000,2011,[2],15841
990,14,4,6636000,2011,[3],7716
991,14,4,6636000,2011,[4],5347
992,14,4,6636000,2011,[5],1635
993,14,4,6636000,2011,[6],700
994,14,4,7111000,2011,[0],55506
995,14,4,7111000,2011,[1],23892
996,14,4,7111000,2011,[2],18650
997,14,4,7111000,2011,[3],6672
998,14,4,7111000,2011,[4],4337
999,14,4,7111000,2011,[5],1316
1000,14,4,7111000,2011,[6],639
1001,14,4,7131000,2011,[0],57222
1002,14,4,7131000,2011,[1],19266
1003,14,4,7131000,2011,[2],20212
1004,14,4,7131000,2011,[3],8291
1005,14,4,7131000,2011,[4],6478
1006,14,4,7131000,2011,[5],2118
1007,14,4,7131000,2011,[6],857
1008,14,4,7132000,2011,[0],54937
1009,14,4,7132000,2011,[1],15518
1010,14,4,7132000,2011,[2],18905
1011,14,4,7132000,2011,[3],9469
1012,14,4,7132000,2011,[4],7270
1013,14,4,7132000,2011,[5],2454
1014,14,4,7132000,2011,[6],1321
1015,14,4,7133000,2011,[0],68478
1016,14,4,7133000,2011,[1],21538
1017,14,4,7133000,2011,[2],22540
1018,14,4,7133000,2011,[3],11612
1019,14,4,7133000,2011,[4],8495
1020,14,4,7133000,2011,[5],2845
1021,14,4,7133000,2011,[6],1448
1022,14,4,7134000,2011,[0],37086
1023,14,4,7134000,2011,[1],12091
1024,14,4,7134000,2011,[2],12607
1025,14,4,7134000,2011,[3],6263
1026,14,4,7134000,2011,[4],4241
1027,14,4,7134000,2011,[5],1246
1028,14,4,7134000,2011,[6],638
1029,14,4,7135000,2011,[0],27554
1030,14,4,7135000,2011,[1],7953
1031,14,4,7135000,2011,[2],9256
1032,14,4,7135000,2011,[3],4792
1033,14,4,7135000,2011,[4],3864
1034,14,4,7135000,2011,[5],1145
1035,14,4,7135000,2011,[6],544
1036,14,4,7137000,2011,[0],92666
1037,14,4,7137000,2011,[1],29240
1038,14,4,7137000,2011,[2],32372
1039,14,4,7137000,2011,[3],15137
1040,14,4,7137000,2011,[4],11195
1041,14,4,7137000,2011,[5],3256
1042,14,4,7137000,2011,[6],1466
1043,14,4,7138000,2011,[0],78565
1044,14,4,7138000,2011,[1],24453
1045,14,4,7138000,2011,[2],27951
1046,14,4,7138000,2011,[3],12249
1047,14,4,7138000,2011,[4],9184
1048,14,4,7138000,2011,[5],3078
1049,14,4,7138000,2011,[6],1650
1050,14,4,7140000,2011,[0],43868
1051,14,4,7140000,2011,[1],12979
1052,14,4,7140000,2011,[2],15196
1053,14,4,7140000,2011,[3],7131
1054,14,4,7140000,2011,[4],5892
1055,14,4,7140000,2011,[5],1872
1056,14,4,7140000,2011,[6],798
1057,14,4,7141000,2011,[0],54951
1058,14,4,7141000,2011,[1],17734
1059,14,4,7141000,2011,[2],19198
1060,14,4,7141000,2011,[3],8689
1061,14,4,7141000,2011,[4],6471
1062,14,4,7141000,2011,[5],1974
1063,14,4,7141000,2011,[6],885
1064,14,4,7143000,2011,[0],83404
1065,14,4,7143000,2011,[1],22716
1066,14,4,7143000,2011,[2],27900
1067,14,4,7143000,2011,[3],15210
1068,14,4,7143000,2011,[4],12161
1069,14,4,7143000,2011,[5],3630
1070,14,4,7143000,2011,[6],1787
1071,14,4,7211000,2011,[0],55711
1072,14,4,7211000,2011,[1],27273
1073,14,4,7211000,2011,[2],16106
1074,14,4,7211000,2011,[3],6459
1075,14,4,7211000,2011,[4],3954
1076,14,4,7211000,2011,[5],1303
1077,14,4,7211000,2011,[6],616
1078,14,4,7231000,2011,[0],48968
1079,14,4,7231000,2011,[1],14636
1080,14,4,7231000,2011,[2],16277
1081,14,4,7231000,2011,[3],8618
1082,14,4,7231000,2011,[4],6468
1083,14,4,7231000,2011,[5],2109
1084,14,4,7231000,2011,[6],860
1085,14,4,7232000,2011,[0],40928
1086,14,4,7232000,2011,[1],12219
1087,14,4,7232000,2011,[2],12691
1088,14,4,7232000,2011,[3],6998
1089,14,4,7232000,2011,[4],5801
1090,14,4,7232000,2011,[5],2156
1091,14,4,7232000,2011,[6],1063
1092,14,4,7233000,2011,[0],27490
1093,14,4,7233000,2011,[1],8121
1094,14,4,7233000,2011,[2],9537
1095,14,4,7233000,2011,[3],4371
1096,14,4,7233000,2011,[4],3721
1097,14,4,7233000,2011,[5],1241
1098,14,4,7233000,2011,[6],499
1099,14,4,7235000,2011,[0],60271
1100,14,4,7235000,2011,[1],16850
1101,14,4,7235000,2011,[2],19624
1102,14,4,7235000,2011,[3],11184
1103,14,4,7235000,2011,[4],8927
1104,14,4,7235000,2011,[5],2613
1105,14,4,7235000,2011,[6],1073
1106,14,4,7311000,2011,[0],21517
1107,14,4,7311000,2011,[1],7996
1108,14,4,7311000,2011,[2],7303
1109,14,4,7311000,2011,[3],3100
1110,14,4,7311000,2011,[4],2035
1111,14,4,7311000,2011,[5],686
1112,14,4,7311000,2011,[6],397
1113,14,4,7312000,2011,[0],50816
1114,14,4,7312000,2011,[1],23910
1115,14,4,7312000,2011,[2],15722
1116,14,4,7312000,2011,[3],5947
1117,14,4,7312000,2011,[4],3691
1118,14,4,7312000,2011,[5],1073
1119,14,4,7312000,2011,[6],473
1120,14,4,7313000,2011,[0],20716
1121,14,4,7313000,2011,[1],8183
1122,14,4,7313000,2011,[2],6820
1123,14,4,7313000,2011,[3],2849
1124,14,4,7313000,2011,[4],2001
1125,14,4,7313000,2011,[5],592
1126,14,4,7313000,2011,[6],271
1127,14,4,7314000,2011,[0],74310
1128,14,4,7314000,2011,[1],29369
1129,14,4,7314000,2011,[2],23928
1130,14,4,7314000,2011,[3],10008
1131,14,4,7314000,2011,[4],6853
1132,14,4,7314000,2011,[5],2603
1133,14,4,7314000,2011,[6],1549
1134,14,4,7315000,2011,[0],102528
1135,14,4,7315000,2011,[1],47263
1136,14,4,7315000,2011,[2],30875
1137,14,4,7315000,2011,[3],12069
1138,14,4,7315000,2011,[4],8137
1139,14,4,7315000,2011,[5],2785
1140,14,4,7315000,2011,[6],1399
1141,14,4,7316000,2011,[0],24621
1142,14,4,7316000,2011,[1],9145
1143,14,4,7316000,2011,[2],8494
1144,14,4,7316000,2011,[3],3394
1145,14,4,7316000,2011,[4],2520
1146,14,4,7316000,2011,[5],765
1147,14,4,7316000,2011,[6],303
1148,14,4,7317000,2011,[0],20494
1149,14,4,7317000,2011,[1],8683
1150,14,4,7317000,2011,[2],6851
1151,14,4,7317000,2011,[3],2750
1152,14,4,7317000,2011,[4],1534
1153,14,4,7317000,2011,[5],459
1154,14,4,7317000,2011,[6],217
1155,14,4,7318000,2011,[0],23234
1156,14,4,7318000,2011,[1],8771
1157,14,4,7318000,2011,[2],8030
1158,14,4,7318000,2011,[3],3210
1159,14,4,7318000,2011,[4],2170
1160,14,4,7318000,2011,[5],685
1161,14,4,7318000,2011,[6],368
1162,14,4,7319000,2011,[0],37125
1163,14,4,7319000,2011,[1],14071
1164,14,4,7319000,2011,[2],12509
1165,14,4,7319000,2011,[3],5192
1166,14,4,7319000,2011,[4],3618
1167,14,4,7319000,2011,[5],1121
1168,14,4,7319000,2011,[6],614
1169,14,4,7320000,2011,[0],15960
1170,14,4,7320000,2011,[1],5748
1171,14,4,7320000,2011,[2],5542
1172,14,4,7320000,2011,[3],2464
1173,14,4,7320000,2011,[4],1539
1174,14,4,7320000,2011,[5],466
1175,14,4,7320000,2011,[6],201
1176,14,4,7331000,2011,[0],51075
1177,14,4,7331000,2011,[1],13312
1178,14,4,7331000,2011,[2],17586
1179,14,4,7331000,2011,[3],9463
1180,14,4,7331000,2011,[4],7390
1181,14,4,7331000,2011,[5],2136
1182,14,4,7331000,2011,[6],1188
1183,14,4,7332000,2011,[0],57473
1184,14,4,7332000,2011,[1],16625
1185,14,4,7332000,2011,[2],20801
1186,14,4,7332000,2011,[3],9860
1187,14,4,7332000,2011,[4],7176
1188,14,4,7332000,2011,[5],2074
1189,14,4,7332000,2011,[6],937
1190,14,4,7333000,2011,[0],31829
1191,14,4,7333000,2011,[1],8764
1192,14,4,7333000,2011,[2],10910
1193,14,4,7333000,2011,[3],5753
1194,14,4,7333000,2011,[4],4294
1195,14,4,7333000,2011,[5],1364
1196,14,4,7333000,2011,[6],744
1197,14,4,7334000,2011,[0],52250
1198,14,4,7334000,2011,[1],15029
1199,14,4,7334000,2011,[2],16938
1200,14,4,7334000,2011,[3],9336
1201,14,4,7334000,2011,[4],7410
1202,14,4,7334000,2011,[5],2359
1203,14,4,7334000,2011,[6],1178
1204,14,4,7335000,2011,[0],45227
1205,14,4,7335000,2011,[1],13324
1206,14,4,7335000,2011,[2],15299
1207,14,4,7335000,2011,[3],8101
1208,14,4,7335000,2011,[4],5932
1209,14,4,7335000,2011,[5],1688
1210,14,4,7335000,2011,[6],883
1211,14,4,7336000,2011,[0],31243
1212,14,4,7336000,2011,[1],8550
1213,14,4,7336000,2011,[2],10347
1214,14,4,7336000,2011,[3],6251
1215,14,4,7336000,2011,[4],4201
1216,14,4,7336000,2011,[5],1297
1217,14,4,7336000,2011,[6],597
1218,14,4,7337000,2011,[0],46542
1219,14,4,7337000,2011,[1],13227
1220,14,4,7337000,2011,[2],15856
1221,14,4,7337000,2011,[3],8254
1222,14,4,7337000,2011,[4],6401
1223,14,4,7337000,2011,[5],1920
1224,14,4,7337000,2011,[6],884
1225,14,4,7338000,2011,[0],63428
1226,14,4,7338000,2011,[1],17524
1227,14,4,7338000,2011,[2],22756
1228,14,4,7338000,2011,[3],11413
1229,14,4,7338000,2011,[4],8250
1230,14,4,7338000,2011,[5],2304
1231,14,4,7338000,2011,[6],1181
1232,14,4,7339000,2011,[0],88332
1233,14,4,7339000,2011,[1],26738
1234,14,4,7339000,2011,[2],30356
1235,14,4,7339000,2011,[3],14887
1236,14,4,7339000,2011,[4],11519
1237,14,4,7339000,2011,[5],3337
1238,14,4,7339000,2011,[6],1495
1239,14,4,7340000,2011,[0],42705
1240,14,4,7340000,2011,[1],11463
1241,14,4,7340000,2011,[2],14800
1242,14,4,7340000,2011,[3],8370
1243,14,4,7340000,2011,[4],5721
1244,14,4,7340000,2011,[5],1620
1245,14,4,7340000,2011,[6],731
1246,14,4,8111000,2011,[0],290247
1247,14,4,8111000,2011,[1],128790
1248,14,4,8111000,2011,[2],86757
1249,14,4,8111000,2011,[3],35460
1250,14,4,8111000,2011,[4],25968
1251,14,4,8111000,2011,[5],8891
1252,14,4,8111000,2011,[6],4381
1253,14,4,8115000,2011,[0],160151
1254,14,4,8115000,2011,[1],52484
1255,14,4,8115000,2011,[2],51906
1256,14,4,8115000,2011,[3],24381
1257,14,4,8115000,2011,[4],21584
1258,14,4,8115000,2011,[5],6891
1259,14,4,8115000,2011,[6],2905
1260,14,4,8116000,2011,[0],227897
1261,14,4,8116000,2011,[1],78944
1262,14,4,8116000,2011,[2],74585
1263,14,4,8116000,2011,[3],33377
1264,14,4,8116000,2011,[4],28722
1265,14,4,8116000,2011,[5],8657
1266,14,4,8116000,2011,[6],3612
1267,14,4,8117000,2011,[0],107932
1268,14,4,8117000,2011,[1],34386
1269,14,4,8117000,2011,[2],35443
1270,14,4,8117000,2011,[3],16924
1271,14,4,8117000,2011,[4],14549
1272,14,4,8117000,2011,[5],4639
1273,14,4,8117000,2011,[6],1991
1274,14,4,8118000,2011,[0],228768
1275,14,4,8118000,2011,[1],77832
1276,14,4,8118000,2011,[2],77216
1277,14,4,8118000,2011,[3],32540
1278,14,4,8118000,2011,[4],28915
1279,14,4,8118000,2011,[5],8639
1280,14,4,8118000,2011,[6],3626
1281,14,4,8119000,2011,[0],180746
1282,14,4,8119000,2011,[1],61306
1283,14,4,8119000,2011,[2],59364
1284,14,4,8119000,2011,[3],26735
1285,14,4,8119000,2011,[4],23245
1286,14,4,8119000,2011,[5],7163
1287,14,4,8119000,2011,[6],2933
1288,14,4,8121000,2011,[0],53792
1289,14,4,8121000,2011,[1],20528
1290,14,4,8121000,2011,[2],17574
1291,14,4,8121000,2011,[3],7331
1292,14,4,8121000,2011,[4],5591
1293,14,4,8121000,2011,[5],1852
1294,14,4,8121000,2011,[6],916
1295,14,4,8125000,2011,[0],136885
1296,14,4,8125000,2011,[1],40416
1297,14,4,8125000,2011,[2],44558
1298,14,4,8125000,2011,[3],22579
1299,14,4,8125000,2011,[4],20161
1300,14,4,8125000,2011,[5],6398
1301,14,4,8125000,2011,[6],2773
1302,14,4,8126000,2011,[0],44835
1303,14,4,8126000,2011,[1],13250
1304,14,4,8126000,2011,[2],13716
1305,14,4,8126000,2011,[3],7509
1306,14,4,8126000,2011,[4],6811
1307,14,4,8126000,2011,[5],2441
1308,14,4,8126000,2011,[6],1108
1309,14,4,8127000,2011,[0],77990
1310,14,4,8127000,2011,[1],23910
1311,14,4,8127000,2011,[2],25217
1312,14,4,8127000,2011,[3],11835
1313,14,4,8127000,2011,[4],10883
1314,14,4,8127000,2011,[5],4237
1315,14,4,8127000,2011,[6],1908
1316,14,4,8128000,2011,[0],56635
1317,14,4,8128000,2011,[1],17559
1318,14,4,8128000,2011,[2],17804
1319,14,4,8128000,2011,[3],9242
1320,14,4,8128000,2011,[4],8170
1321,14,4,8128000,2011,[5],2710
1322,14,4,8128000,2011,[6],1150
1323,14,4,8135000,2011,[0],55514
1324,14,4,8135000,2011,[1],17733
1325,14,4,8135000,2011,[2],17904
1326,14,4,8135000,2011,[3],8723
1327,14,4,8135000,2011,[4],7530
1328,14,4,8135000,2011,[5],2521
1329,14,4,8135000,2011,[6],1103
1330,14,4,8136000,2011,[0],129451
1331,14,4,8136000,2011,[1],39582
1332,14,4,8136000,2011,[2],40336
1333,14,4,8136000,2011,[3],20324
1334,14,4,8136000,2011,[4],19238
1335,14,4,8136000,2011,[5],7006
1336,14,4,8136000,2011,[6],2965
1337,14,4,8211000,2011,[0],26192
1338,14,4,8211000,2011,[1],11294
1339,14,4,8211000,2011,[2],8698
1340,14,4,8211000,2011,[3],3129
1341,14,4,8211000,2011,[4],2200
1342,14,4,8211000,2011,[5],617
1343,14,4,8211000,2011,[6],254
1344,14,4,8212000,2011,[0],148389
1345,14,4,8212000,2011,[1],65374
1346,14,4,8212000,2011,[2],45327
1347,14,4,8212000,2011,[3],19347
1348,14,4,8212000,2011,[4],12402
1349,14,4,8212000,2011,[5],3887
1350,14,4,8212000,2011,[6],2052
1351,14,4,8215000,2011,[0],184058
1352,14,4,8215000,2011,[1],56725
1353,14,4,8215000,2011,[2],62851
1354,14,4,8215000,2011,[3],30415
1355,14,4,8215000,2011,[4],24162
1356,14,4,8215000,2011,[5],6992
1357,14,4,8215000,2011,[6],2913
1358,14,4,8216000,2011,[0],98209
1359,14,4,8216000,2011,[1],31185
1360,14,4,8216000,2011,[2],32903
1361,14,4,8216000,2011,[3],16025
1362,14,4,8216000,2011,[4],12864
1363,14,4,8216000,2011,[5],3662
1364,14,4,8216000,2011,[6],1570
1365,14,4,8221000,2011,[0],72909
1366,14,4,8221000,2011,[1],33904
1367,14,4,8221000,2011,[2],20271
1368,14,4,8221000,2011,[3],8887
1369,14,4,8221000,2011,[4],6173
1370,14,4,8221000,2011,[5],2245
1371,14,4,8221000,2011,[6],1429
1372,14,4,8222000,2011,[0],151050
1373,14,4,8222000,2011,[1],70307
1374,14,4,8222000,2011,[2],45382
1375,14,4,8222000,2011,[3],17529
1376,14,4,8222000,2011,[4],11685
1377,14,4,8222000,2011,[5],3992
1378,14,4,8222000,2011,[6],2155
1379,14,4,8225000,2011,[0],60060
1380,14,4,8225000,2011,[1],17168
1381,14,4,8225000,2011,[2],19056
1382,14,4,8225000,2011,[3],10515
1383,14,4,8225000,2011,[4],9028
1384,14,4,8225000,2011,[5],2947
1385,14,4,8225000,2011,[6],1346
1386,14,4,8226000,2011,[0],236653
1387,14,4,8226000,2011,[1],79436
1388,14,4,8226000,2011,[2],81697
1389,14,4,8226000,2011,[3],35876
1390,14,4,8226000,2011,[4],28274
1391,14,4,8226000,2011,[5],8126
1392,14,4,8226000,2011,[6],3244
1393,14,4,8231000,2011,[0],55180
1394,14,4,8231000,2011,[1],23494
1395,14,4,8231000,2011,[2],16567
1396,14,4,8231000,2011,[3],7067
1397,14,4,8231000,2011,[4],5282
1398,14,4,8231000,2011,[5],1844
1399,14,4,8231000,2011,[6],926
1400,14,4,8235000,2011,[0],65803
1401,14,4,8235000,2011,[1],21474
1402,14,4,8235000,2011,[2],20991
1403,14,4,8235000,2011,[3],9725
1404,14,4,8235000,2011,[4],8778
1405,14,4,8235000,2011,[5],3289
1406,14,4,8235000,2011,[6],1546
1407,14,4,8236000,2011,[0],81324
1408,14,4,8236000,2011,[1],23804
1409,14,4,8236000,2011,[2],27239
1410,14,4,8236000,2011,[3],13412
1411,14,4,8236000,2011,[4],11593
1412,14,4,8236000,2011,[5],3654
1413,14,4,8236000,2011,[6],1622
1414,14,4,8237000,2011,[0],49868
1415,14,4,8237000,2011,[1],16075
1416,14,4,8237000,2011,[2],15659
1417,14,4,8237000,2011,[3],7539
1418,14,4,8237000,2011,[4],7042
1419,14,4,8237000,2011,[5],2449
1420,14,4,8237000,2011,[6],1104
1421,14,4,8311000,2011,[0],107816
1422,14,4,8311000,2011,[1],50120
1423,14,4,8311000,2011,[2],30829
1424,14,4,8311000,2011,[3],12884
1425,14,4,8311000,2011,[4],9136
1426,14,4,8311000,2011,[5],3028
1427,14,4,8311000,2011,[6],1819
1428,14,4,8315000,2011,[0],108403
1429,14,4,8315000,2011,[1],34983
1430,14,4,8315000,2011,[2],35894
1431,14,4,8315000,2011,[3],15996
1432,14,4,8315000,2011,[4],14229
1433,14,4,8315000,2011,[5],4844
1434,14,4,8315000,2011,[6],2457
1435,14,4,8316000,2011,[0],67783
1436,14,4,8316000,2011,[1],21079
1437,14,4,8316000,2011,[2],22245
1438,14,4,8316000,2011,[3],10697
1439,14,4,8316000,2011,[4],9380
1440,14,4,8316000,2011,[5],3016
1441,14,4,8316000,2011,[6],1366
1442,14,4,8317000,2011,[0],176030
1443,14,4,8317000,2011,[1],56007
1444,14,4,8317000,2011,[2],57347
1445,14,4,8317000,2011,[3],27548
1446,14,4,8317000,2011,[4],23426
1447,14,4,8317000,2011,[5],7907
1448,14,4,8317000,2011,[6],3795
1449,14,4,8325000,2011,[0],58590
1450,14,4,8325000,2011,[1],18493
1451,14,4,8325000,2011,[2],18861
1452,14,4,8325000,2011,[3],8967
1453,14,4,8325000,2011,[4],8178
1454,14,4,8325000,2011,[5],2933
1455,14,4,8325000,2011,[6],1158
1456,14,4,8326000,2011,[0],93652
1457,14,4,8326000,2011,[1],32987
1458,14,4,8326000,2011,[2],30861
1459,14,4,8326000,2011,[3],13221
1460,14,4,8326000,2011,[4],11220
1461,14,4,8326000,2011,[5],3684
1462,14,4,8326000,2011,[6],1679
1463,14,4,8327000,2011,[0],56355
1464,14,4,8327000,2011,[1],17197
1465,14,4,8327000,2011,[2],18126
1466,14,4,8327000,2011,[3],9059
1467,14,4,8327000,2011,[4],8156
1468,14,4,8327000,2011,[5],2649
1469,14,4,8327000,2011,[6],1168
1470,14,4,8335000,2011,[0],126851
1471,14,4,8335000,2011,[1],48700
1472,14,4,8335000,2011,[2],40781
1473,14,4,8335000,2011,[3],17447
1474,14,4,8335000,2011,[4],13793
1475,14,4,8335000,2011,[5],4297
1476,14,4,8335000,2011,[6],1833
1477,14,4,8336000,2011,[0],98755
1478,14,4,8336000,2011,[1],34524
1479,14,4,8336000,2011,[2],33079
1480,14,4,8336000,2011,[3],13708
1481,14,4,8336000,2011,[4],12088
1482,14,4,8336000,2011,[5],3773
1483,14,4,8336000,2011,[6],1583
1484,14,4,8337000,2011,[0],72349
1485,14,4,8337000,2011,[1],24371
1486,14,4,8337000,2011,[2],22856
1487,14,4,8337000,2011,[3],10543
1488,14,4,8337000,2011,[4],9436
1489,14,4,8337000,2011,[5],3468
1490,14,4,8337000,2011,[6],1675
1491,14,4,8415000,2011,[0],119677
1492,14,4,8415000,2011,[1],39399
1493,14,4,8415000,2011,[2],38809
1494,14,4,8415000,2011,[3],17827
1495,14,4,8415000,2011,[4],16173
1496,14,4,8415000,2011,[5],5259
1497,14,4,8415000,2011,[6],2210
1498,14,4,8416000,2011,[0],90716
1499,14,4,8416000,2011,[1],31137
1500,14,4,8416000,2011,[2],27861
1501,14,4,8416000,2011,[3],12926
1502,14,4,8416000,2011,[4],12012
1503,14,4,8416000,2011,[5],4329
1504,14,4,8416000,2011,[6],2451
1505,14,4,8417000,2011,[0],80123
1506,14,4,8417000,2011,[1],24374
1507,14,4,8417000,2011,[2],27034
1508,14,4,8417000,2011,[3],12641
1509,14,4,8417000,2011,[4],11286
1510,14,4,8417000,2011,[5],3443
1511,14,4,8417000,2011,[6],1345
1512,14,4,8421000,2011,[0],56536
1513,14,4,8421000,2011,[1],23263
1514,14,4,8421000,2011,[2],17011
1515,14,4,8421000,2011,[3],7465
1516,14,4,8421000,2011,[4],5980
1517,14,4,8421000,2011,[5],1926
1518,14,4,8421000,2011,[6],891
1519,14,4,8425000,2011,[0],76077
1520,14,4,8425000,2011,[1],21220
1521,14,4,8425000,2011,[2],23526
1522,14,4,8425000,2011,[3],12656
1523,14,4,8425000,2011,[4],12260
1524,14,4,8425000,2011,[5],4490
1525,14,4,8425000,2011,[6],1925
1526,14,4,8426000,2011,[0],77382
1527,14,4,8426000,2011,[1],22732
1528,14,4,8426000,2011,[2],23103
1529,14,4,8426000,2011,[3],12490
1530,14,4,8426000,2011,[4],12328
1531,14,4,8426000,2011,[5],4862
1532,14,4,8426000,2011,[6],1867
1533,14,4,8435000,2011,[0],93629
1534,14,4,8435000,2011,[1],33858
1535,14,4,8435000,2011,[2],30930
1536,14,4,8435000,2011,[3],12533
1537,14,4,8435000,2011,[4],11055
1538,14,4,8435000,2011,[5],3752
1539,14,4,8435000,2011,[6],1501
1540,14,4,8436000,2011,[0],114632
1541,14,4,8436000,2011,[1],37094
1542,14,4,8436000,2011,[2],35762
1543,14,4,8436000,2011,[3],17016
1544,14,4,8436000,2011,[4],15763
1545,14,4,8436000,2011,[5],6175
1546,14,4,8436000,2011,[6],2822
1547,14,4,8437000,2011,[0],53334
1548,14,4,8437000,2011,[1],16023
1549,14,4,8437000,2011,[2],16448
1550,14,4,8437000,2011,[3],8481
1551,14,4,8437000,2011,[4],8040
1552,14,4,8437000,2011,[5],3006
1553,14,4,8437000,2011,[6],1336
1554,14,4,9161000,2011,[0],59611
1555,14,4,9161000,2011,[1],22977
1556,14,4,9161000,2011,[2],18731
1557,14,4,9161000,2011,[3],8623
1558,14,4,9161000,2011,[4],6447
1559,14,4,9161000,2011,[5],2010
1560,14,4,9161000,2011,[6],823
1561,14,4,9162000,2011,[0],732793
1562,14,4,9162000,2011,[1],368447
1563,14,4,9162000,2011,[2],211351
1564,14,4,9162000,2011,[3],77445
1565,14,4,9162000,2011,[4],52208
1566,14,4,9162000,2011,[5],15785
1567,14,4,9162000,2011,[6],7557
1568,14,4,9163000,2011,[0],30043
1569,14,4,9163000,2011,[1],13087
1570,14,4,9163000,2011,[2],9276
1571,14,4,9163000,2011,[3],3629
1572,14,4,9163000,2011,[4],2700
1573,14,4,9163000,2011,[5],951
1574,14,4,9163000,2011,[6],400
1575,14,4,9171000,2011,[0],46216
1576,14,4,9171000,2011,[1],14990
1577,14,4,9171000,2011,[2],14456
1578,14,4,9171000,2011,[3],7519
1579,14,4,9171000,2011,[4],6192
1580,14,4,9171000,2011,[5],2059
1581,14,4,9171000,2011,[6],1000
1582,14,4,9172000,2011,[0],47241
1583,14,4,9172000,2011,[1],18181
1584,14,4,9172000,2011,[2],14868
1585,14,4,9172000,2011,[3],6105
1586,14,4,9172000,2011,[4],5305
1587,14,4,9172000,2011,[5],1827
1588,14,4,9172000,2011,[6],955
1589,14,4,9173000,2011,[0],52832
1590,14,4,9173000,2011,[1],17929
1591,14,4,9173000,2011,[2],16794
1592,14,4,9173000,2011,[3],7762
1593,14,4,9173000,2011,[4],6755
1594,14,4,9173000,2011,[5],2464
1595,14,4,9173000,2011,[6],1128
1596,14,4,9174000,2011,[0],59351
1597,14,4,9174000,2011,[1],18131
1598,14,4,9174000,2011,[2],19413
1599,14,4,9174000,2011,[3],9816
1600,14,4,9174000,2011,[4],8380
1601,14,4,9174000,2011,[5],2531
1602,14,4,9174000,2011,[6],1080
1603,14,4,9175000,2011,[0],54189
1604,14,4,9175000,2011,[1],15957
1605,14,4,9175000,2011,[2],17944
1606,14,4,9175000,2011,[3],8728
1607,14,4,9175000,2011,[4],7996
1608,14,4,9175000,2011,[5],2461
1609,14,4,9175000,2011,[6],1103
1610,14,4,9176000,2011,[0],49025
1611,14,4,9176000,2011,[1],12543
1612,14,4,9176000,2011,[2],14766
1613,14,4,9176000,2011,[3],8563
1614,14,4,9176000,2011,[4],8870
1615,14,4,9176000,2011,[5],3027
1616,14,4,9176000,2011,[6],1256
1617,14,4,9177000,2011,[0],51490
1618,14,4,9177000,2011,[1],15001
1619,14,4,9177000,2011,[2],15416
1620,14,4,9177000,2011,[3],8756
1621,14,4,9177000,2011,[4],8211
1622,14,4,9177000,2011,[5],2796
1623,14,4,9177000,2011,[6],1310
1624,14,4,9178000,2011,[0],71471
1625,14,4,9178000,2011,[1],23904
1626,14,4,9178000,2011,[2],21648
1627,14,4,9178000,2011,[3],11367
1628,14,4,9178000,2011,[4],9962
1629,14,4,9178000,2011,[5],3202
1630,14,4,9178000,2011,[6],1388
1631,14,4,9179000,2011,[0],90843
1632,14,4,9179000,2011,[1],29770
1633,14,4,9179000,2011,[2],31468
1634,14,4,9179000,2011,[3],13807
1635,14,4,9179000,2011,[4],11438
1636,14,4,9179000,2011,[5],3163
1637,14,4,9179000,2011,[6],1197
1638,14,4,9180000,2011,[0],41838
1639,14,4,9180000,2011,[1],17003
1640,14,4,9180000,2011,[2],13603
1641,14,4,9180000,2011,[3],5120
1642,14,4,9180000,2011,[4],4064
1643,14,4,9180000,2011,[5],1376
1644,14,4,9180000,2011,[6],672
1645,14,4,9181000,2011,[0],47716
1646,14,4,9181000,2011,[1],14287
1647,14,4,9181000,2011,[2],15469
1648,14,4,9181000,2011,[3],7611
1649,14,4,9181000,2011,[4],7106
1650,14,4,9181000,2011,[5],2327
1651,14,4,9181000,2011,[6],916
1652,14,4,9182000,2011,[0],44136
1653,14,4,9182000,2011,[1],16181
1654,14,4,9182000,2011,[2],14132
1655,14,4,9182000,2011,[3],5849
1656,14,4,9182000,2011,[4],5271
1657,14,4,9182000,2011,[5],1751
1658,14,4,9182000,2011,[6],952
1659,14,4,9183000,2011,[0],42846
1660,14,4,9183000,2011,[1],13031
1661,14,4,9183000,2011,[2],12922
1662,14,4,9183000,2011,[3],7234
1663,14,4,9183000,2011,[4],6058
1664,14,4,9183000,2011,[5],2231
1665,14,4,9183000,2011,[6],1370
1666,14,4,9184000,2011,[0],143757
1667,14,4,9184000,2011,[1],49394
1668,14,4,9184000,2011,[2],47128
1669,14,4,9184000,2011,[3],21944
1670,14,4,9184000,2011,[4],18135
1671,14,4,9184000,2011,[5],5113
1672,14,4,9184000,2011,[6],2043
1673,14,4,9185000,2011,[0],37120
1674,14,4,9185000,2011,[1],10698
1675,14,4,9185000,2011,[2],11556
1676,14,4,9185000,2011,[3],6301
1677,14,4,9185000,2011,[4],5933
1678,14,4,9185000,2011,[5],1871
1679,14,4,9185000,2011,[6],761
1680,14,4,9186000,2011,[0],47735
1681,14,4,9186000,2011,[1],12891
1682,14,4,9186000,2011,[2],15161
1683,14,4,9186000,2011,[3],8577
1684,14,4,9186000,2011,[4],7753
1685,14,4,9186000,2011,[5],2366
1686,14,4,9186000,2011,[6],987
1687,14,4,9187000,2011,[0],105043
1688,14,4,9187000,2011,[1],33462
1689,14,4,9187000,2011,[2],33711
1690,14,4,9187000,2011,[3],15750
1691,14,4,9187000,2011,[4],14254
1692,14,4,9187000,2011,[5],5179
1693,14,4,9187000,2011,[6],2687
1694,14,4,9188000,2011,[0],58005
1695,14,4,9188000,2011,[1],19828
1696,14,4,9188000,2011,[2],18887
1697,14,4,9188000,2011,[3],8602
1698,14,4,9188000,2011,[4],7353
1699,14,4,9188000,2011,[5],2340
1700,14,4,9188000,2011,[6],995
1701,14,4,9189000,2011,[0],75319
1702,14,4,9189000,2011,[1],25047
1703,14,4,9189000,2011,[2],24250
1704,14,4,9189000,2011,[3],10977
1705,14,4,9189000,2011,[4],9806
1706,14,4,9189000,2011,[5],3548
1707,14,4,9189000,2011,[6],1691
1708,14,4,9190000,2011,[0],56365
1709,14,4,9190000,2011,[1],18671
1710,14,4,9190000,2011,[2],17947
1711,14,4,9190000,2011,[3],8354
1712,14,4,9190000,2011,[4],7500
1713,14,4,9190000,2011,[5],2700
1714,14,4,9190000,2011,[6],1193
1715,14,4,9261000,2011,[0],32087
1716,14,4,9261000,2011,[1],14457
1717,14,4,9261000,2011,[2],9870
1718,14,4,9261000,2011,[3],3833
1719,14,4,9261000,2011,[4],2822
1720,14,4,9261000,2011,[5],755
1721,14,4,9261000,2011,[6],350
1722,14,4,9262000,2011,[0],27845
1723,14,4,9262000,2011,[1],13994
1724,14,4,9262000,2011,[2],8043
1725,14,4,9262000,2011,[3],3052
1726,14,4,9262000,2011,[4],1876
1727,14,4,9262000,2011,[5],639
1728,14,4,9262000,2011,[6],241
1729,14,4,9263000,2011,[0],21825
1730,14,4,9263000,2011,[1],9326
1731,14,4,9263000,2011,[2],6752
1732,14,4,9263000,2011,[3],3007
1733,14,4,9263000,2011,[4],1945
1734,14,4,9263000,2011,[5],567
1735,14,4,9263000,2011,[6],228
1736,14,4,9271000,2011,[0],49573
1737,14,4,9271000,2011,[1],15588
1738,14,4,9271000,2011,[2],15422
1739,14,4,9271000,2011,[3],8544
1740,14,4,9271000,2011,[4],6920
1741,14,4,9271000,2011,[5],2190
1742,14,4,9271000,2011,[6],909
1743,14,4,9272000,2011,[0],32725
1744,14,4,9272000,2011,[1],9265
1745,14,4,9272000,2011,[2],9675
1746,14,4,9272000,2011,[3],5999
1747,14,4,9272000,2011,[4],5217
1748,14,4,9272000,2011,[5],1765
1749,14,4,9272000,2011,[6],804
1750,14,4,9273000,2011,[0],46426
1751,14,4,9273000,2011,[1],12986
1752,14,4,9273000,2011,[2],14100
1753,14,4,9273000,2011,[3],8375
1754,14,4,9273000,2011,[4],7427
1755,14,4,9273000,2011,[5],2489
1756,14,4,9273000,2011,[6],1049
1757,14,4,9274000,2011,[0],58990
1758,14,4,9274000,2011,[1],14955
1759,14,4,9274000,2011,[2],18382
1760,14,4,9274000,2011,[3],10907
1761,14,4,9274000,2011,[4],10061
1762,14,4,9274000,2011,[5],3184
1763,14,4,9274000,2011,[6],1501
1764,14,4,9275000,2011,[0],77499
1765,14,4,9275000,2011,[1],22301
1766,14,4,9275000,2011,[2],24188
1767,14,4,9275000,2011,[3],13844
1768,14,4,9275000,2011,[4],11613
1769,14,4,9275000,2011,[5],3713
1770,14,4,9275000,2011,[6],1840
1771,14,4,9276000,2011,[0],33486
1772,14,4,9276000,2011,[1],10257
1773,14,4,9276000,2011,[2],10438
1774,14,4,9276000,2011,[3],5954
1775,14,4,9276000,2011,[4],4737
1776,14,4,9276000,2011,[5],1457
1777,14,4,9276000,2011,[6],643
1778,14,4,9277000,2011,[0],47163
1779,14,4,9277000,2011,[1],12995
1780,14,4,9277000,2011,[2],14392
1781,14,4,9277000,2011,[3],8192
1782,14,4,9277000,2011,[4],7240
1783,14,4,9277000,2011,[5],2693
1784,14,4,9277000,2011,[6],1651
1785,14,4,9278000,2011,[0],37707
1786,14,4,9278000,2011,[1],8769
1787,14,4,9278000,2011,[2],11572
1788,14,4,9278000,2011,[3],7399
1789,14,4,9278000,2011,[4],6832
1790,14,4,9278000,2011,[5],2178
1791,14,4,9278000,2011,[6],957
1792,14,4,9279000,2011,[0],36502
1793,14,4,9279000,2011,[1],9597
1794,14,4,9279000,2011,[2],11260
1795,14,4,9279000,2011,[3],6865
1796,14,4,9279000,2011,[4],5896
1797,14,4,9279000,2011,[5],1942
1798,14,4,9279000,2011,[6],942
1799,14,4,9361000,2011,[0],20571
1800,14,4,9361000,2011,[1],8645
1801,14,4,9361000,2011,[2],6495
1802,14,4,9361000,2011,[3],2774
1803,14,4,9361000,2011,[4],1928
1804,14,4,9361000,2011,[5],544
1805,14,4,9361000,2011,[6],185
1806,14,4,9362000,2011,[0],80275
1807,14,4,9362000,2011,[1],42300
1808,14,4,9362000,2011,[2],22086
1809,14,4,9362000,2011,[3],8281
1810,14,4,9362000,2011,[4],5391
1811,14,4,9362000,2011,[5],1575
1812,14,4,9362000,2011,[6],642
1813,14,4,9363000,2011,[0],21446
1814,14,4,9363000,2011,[1],9454
1815,14,4,9363000,2011,[2],6809
1816,14,4,9363000,2011,[3],2683
1817,14,4,9363000,2011,[4],1780
1818,14,4,9363000,2011,[5],499
1819,14,4,9363000,2011,[6],221
1820,14,4,9371000,2011,[0],43375
1821,14,4,9371000,2011,[1],12406
1822,14,4,9371000,2011,[2],13572
1823,14,4,9371000,2011,[3],7624
1824,14,4,9371000,2011,[4],6696
1825,14,4,9371000,2011,[5],2183
1826,14,4,9371000,2011,[6],894
1827,14,4,9372000,2011,[0],52206
1828,14,4,9372000,2011,[1],15095
1829,14,4,9372000,2011,[2],15214
1830,14,4,9372000,2011,[3],9547
1831,14,4,9372000,2011,[4],8456
1832,14,4,9372000,2011,[5],2680
1833,14,4,9372000,2011,[6],1214
1834,14,4,9373000,2011,[0],49933
1835,14,4,9373000,2011,[1],13079
1836,14,4,9373000,2011,[2],15211
1837,14,4,9373000,2011,[3],8623
1838,14,4,9373000,2011,[4],8496
1839,14,4,9373000,2011,[5],3121
1840,14,4,9373000,2011,[6],1403
1841,14,4,9374000,2011,[0],39832
1842,14,4,9374000,2011,[1],11072
1843,14,4,9374000,2011,[2],12040
1844,14,4,9374000,2011,[3],7236
1845,14,4,9374000,2011,[4],6274
1846,14,4,9374000,2011,[5],2205
1847,14,4,9374000,2011,[6],1005
1848,14,4,9375000,2011,[0],75810
1849,14,4,9375000,2011,[1],19896
1850,14,4,9375000,2011,[2],24786
1851,14,4,9375000,2011,[3],14073
1852,14,4,9375000,2011,[4],12154
1853,14,4,9375000,2011,[5],3567
1854,14,4,9375000,2011,[6],1334
1855,14,4,9376000,2011,[0],60124
1856,14,4,9376000,2011,[1],17760
1857,14,4,9376000,2011,[2],18788
1858,14,4,9376000,2011,[3],10618
1859,14,4,9376000,2011,[4],8972
1860,14,4,9376000,2011,[5],2820
1861,14,4,9376000,2011,[6],1166
1862,14,4,9377000,2011,[0],32310
1863,14,4,9377000,2011,[1],9891
1864,14,4,9377000,2011,[2],10024
1865,14,4,9377000,2011,[3],5413
1866,14,4,9377000,2011,[4],4587
1867,14,4,9377000,2011,[5],1678
1868,14,4,9377000,2011,[6],717
1869,14,4,9461000,2011,[0],39018
1870,14,4,9461000,2011,[1],18658
1871,14,4,9461000,2011,[2],11605
1872,14,4,9461000,2011,[3],4609
1873,14,4,9461000,2011,[4],2929
1874,14,4,9461000,2011,[5],858
1875,14,4,9461000,2011,[6],359
1876,14,4,9462000,2011,[0],38116
1877,14,4,9462000,2011,[1],18351
1878,14,4,9462000,2011,[2],11299
1879,14,4,9462000,2011,[3],4586
1880,14,4,9462000,2011,[4],2719
1881,14,4,9462000,2011,[5],854
1882,14,4,9462000,2011,[6],307
1883,14,4,9463000,2011,[0],21556
1884,14,4,9463000,2011,[1],9579
1885,14,4,9463000,2011,[2],6759
1886,14,4,9463000,2011,[3],2634
1887,14,4,9463000,2011,[4],1787
1888,14,4,9463000,2011,[5],549
1889,14,4,9463000,2011,[6],248
1890,14,4,9464000,2011,[0],23577
1891,14,4,9464000,2011,[1],10665
1892,14,4,9464000,2011,[2],7650
1893,14,4,9464000,2011,[3],2774
1894,14,4,9464000,2011,[4],1743
1895,14,4,9464000,2011,[5],505
1896,14,4,9464000,2011,[6],240
1897,14,4,9471000,2011,[0],59088
1898,14,4,9471000,2011,[1],15833
1899,14,4,9471000,2011,[2],18705
1900,14,4,9471000,2011,[3],10820
1901,14,4,9471000,2011,[4],9662
1902,14,4,9471000,2011,[5],2945
1903,14,4,9471000,2011,[6],1123
1904,14,4,9472000,2011,[0],45337
1905,14,4,9472000,2011,[1],13079
1906,14,4,9472000,2011,[2],15002
1907,14,4,9472000,2011,[3],7777
1908,14,4,9472000,2011,[4],6520
1909,14,4,9472000,2011,[5],2119
1910,14,4,9472000,2011,[6],840
1911,14,4,9473000,2011,[0],38056
1912,14,4,9473000,2011,[1],11229
1913,14,4,9473000,2011,[2],12799
1914,14,4,9473000,2011,[3],6748
1915,14,4,9473000,2011,[4],4936
1916,14,4,9473000,2011,[5],1581
1917,14,4,9473000,2011,[6],763
1918,14,4,9474000,2011,[0],47740
1919,14,4,9474000,2011,[1],13884
1920,14,4,9474000,2011,[2],15212
1921,14,4,9474000,2011,[3],8265
1922,14,4,9474000,2011,[4],7266
1923,14,4,9474000,2011,[5],2275
1924,14,4,9474000,2011,[6],838
1925,14,4,9475000,2011,[0],45457
1926,14,4,9475000,2011,[1],14859
1927,14,4,9475000,2011,[2],15553
1928,14,4,9475000,2011,[3],7526
1929,14,4,9475000,2011,[4],5075
1930,14,4,9475000,2011,[5],1657
1931,14,4,9475000,2011,[6],787
1932,14,4,9476000,2011,[0],30194
1933,14,4,9476000,2011,[1],8898
1934,14,4,9476000,2011,[2],10186
1935,14,4,9476000,2011,[3],5560
1936,14,4,9476000,2011,[4],3861
1937,14,4,9476000,2011,[5],1165
1938,14,4,9476000,2011,[6],524
1939,14,4,9477000,2011,[0],33187
1940,14,4,9477000,2011,[1],10827
1941,14,4,9477000,2011,[2],10838
1942,14,4,9477000,2011,[3],5595
1943,14,4,9477000,2011,[4],4154
1944,14,4,9477000,2011,[5],1229
1945,14,4,9477000,2011,[6],544
1946,14,4,9478000,2011,[0],28813
1947,14,4,9478000,2011,[1],8741
1948,14,4,9478000,2011,[2],9522
1949,14,4,9478000,2011,[3],5003
1950,14,4,9478000,2011,[4],3778
1951,14,4,9478000,2011,[5],1246
1952,14,4,9478000,2011,[6],523
1953,14,4,9479000,2011,[0],36375
1954,14,4,9479000,2011,[1],12840
1955,14,4,9479000,2011,[2],12412
1956,14,4,9479000,2011,[3],5750
1957,14,4,9479000,2011,[4],3714
1958,14,4,9479000,2011,[5],1149
1959,14,4,9479000,2011,[6],510
1960,14,4,9561000,2011,[0],19488
1961,14,4,9561000,2011,[1],8073
1962,14,4,9561000,2011,[2],6098
1963,14,4,9561000,2011,[3],2657
1964,14,4,9561000,2011,[4],1865
1965,14,4,9561000,2011,[5],601
1966,14,4,9561000,2011,[6],194
1967,14,4,9562000,2011,[0],58044
1968,14,4,9562000,2011,[1],28932
1969,14,4,9562000,2011,[2],16241
1970,14,4,9562000,2011,[3],6467
1971,14,4,9562000,2011,[4],4586
1972,14,4,9562000,2011,[5],1346
1973,14,4,9562000,2011,[6],472
1974,14,4,9563000,2011,[0],57375
1975,14,4,9563000,2011,[1],23765
1976,14,4,9563000,2011,[2],19012
1977,14,4,9563000,2011,[3],7508
1978,14,4,9563000,2011,[4],5062
1979,14,4,9563000,2011,[5],1411
1980,14,4,9563000,2011,[6],617
1981,14,4,9564000,2011,[0],254871
1982,14,4,9564000,2011,[1],119157
1983,14,4,9564000,2011,[2],80452
1984,14,4,9564000,2011,[3],28543
1985,14,4,9564000,2011,[4],18781
1986,14,4,9564000,2011,[5],5522
1987,14,4,9564000,2011,[6],2416
1988,14,4,9565000,2011,[0],17794
1989,14,4,9565000,2011,[1],6319
1990,14,4,9565000,2011,[2],6154
1991,14,4,9565000,2011,[3],2607
1992,14,4,9565000,2011,[4],1964
1993,14,4,9565000,2011,[5],530
1994,14,4,9565000,2011,[6],220
1995,14,4,9571000,2011,[0],72723
1996,14,4,9571000,2011,[1],20353
1997,14,4,9571000,2011,[2],22813
1998,14,4,9571000,2011,[3],12095
1999,14,4,9571000,2011,[4],11387
2000,14,4,9571000,2011,[5],4115
2001,14,4,9571000,2011,[6],1960
2002,14,4,9572000,2011,[0],55262
2003,14,4,9572000,2011,[1],15092
2004,14,4,9572000,2011,[2],18549
2005,14,4,9572000,2011,[3],9965
2006,14,4,9572000,2011,[4],8490
2007,14,4,9572000,2011,[5],2377
2008,14,4,9572000,2011,[6],789
2009,14,4,9573000,2011,[0],50758
2010,14,4,9573000,2011,[1],15467
2011,14,4,9573000,2011,[2],18772
2012,14,4,9573000,2011,[3],8278
2013,14,4,9573000,2011,[4],6234
2014,14,4,9573000,2011,[5],1457
2015,14,4,9573000,2011,[6],550
2016,14,4,9574000,2011,[0],73216
2017,14,4,9574000,2011,[1],22915
2018,14,4,9574000,2011,[2],25630
2019,14,4,9574000,2011,[3],11830
2020,14,4,9574000,2011,[4],9268
2021,14,4,9574000,2011,[5],2625
2022,14,4,9574000,2011,[6],948
2023,14,4,9575000,2011,[0],40099
2024,14,4,9575000,2011,[1],11043
2025,14,4,9575000,2011,[2],12650
2026,14,4,9575000,2011,[3],7054
2027,14,4,9575000,2011,[4],6261
2028,14,4,9575000,2011,[5],2083
2029,14,4,9575000,2011,[6],1008
2030,14,4,9576000,2011,[0],51391
2031,14,4,9576000,2011,[1],13753
2032,14,4,9576000,2011,[2],17711
2033,14,4,9576000,2011,[3],8971
2034,14,4,9576000,2011,[4],7721
2035,14,4,9576000,2011,[5],2287
2036,14,4,9576000,2011,[6],948
2037,14,4,9577000,2011,[0],38960
2038,14,4,9577000,2011,[1],11899
2039,14,4,9577000,2011,[2],12434
2040,14,4,9577000,2011,[3],6176
2041,14,4,9577000,2011,[4],5548
2042,14,4,9577000,2011,[5],2036
2043,14,4,9577000,2011,[6],867
2044,14,4,9661000,2011,[0],33108
2045,14,4,9661000,2011,[1],13289
2046,14,4,9661000,2011,[2],11030
2047,14,4,9661000,2011,[3],4396
2048,14,4,9661000,2011,[4],3155
2049,14,4,9661000,2011,[5],913
2050,14,4,9661000,2011,[6],325
2051,14,4,9662000,2011,[0],25915
2052,14,4,9662000,2011,[1],11148
2053,14,4,9662000,2011,[2],8360
2054,14,4,9662000,2011,[3],3234
2055,14,4,9662000,2011,[4],2148
2056,14,4,9662000,2011,[5],696
2057,14,4,9662000,2011,[6],329
2058,14,4,9663000,2011,[0],71221
2059,14,4,9663000,2011,[1],36876
2060,14,4,9663000,2011,[2],21347
2061,14,4,9663000,2011,[3],6999
2062,14,4,9663000,2011,[4],4301
2063,14,4,9663000,2011,[5],1280
2064,14,4,9663000,2011,[6],418
2065,14,4,9671000,2011,[0],73375
2066,14,4,9671000,2011,[1],19936
2067,14,4,9671000,2011,[2],24394
2068,14,4,9671000,2011,[3],13472
2069,14,4,9671000,2011,[4],11027
2070,14,4,9671000,2011,[5],3203
2071,14,4,9671000,2011,[6],1343
2072,14,4,9672000,2011,[0],45769
2073,14,4,9672000,2011,[1],14335
2074,14,4,9672000,2011,[2],14591
2075,14,4,9672000,2011,[3],7538
2076,14,4,9672000,2011,[4],6567
2077,14,4,9672000,2011,[5],1992
2078,14,4,9672000,2011,[6],746
2079,14,4,9673000,2011,[0],34135
2080,14,4,9673000,2011,[1],9655
2081,14,4,9673000,2011,[2],10477
2082,14,4,9673000,2011,[3],5872
2083,14,4,9673000,2011,[4],5369
2084,14,4,9673000,2011,[5],1936
2085,14,4,9673000,2011,[6],826
2086,14,4,9674000,2011,[0],34748
2087,14,4,9674000,2011,[1],9322
2088,14,4,9674000,2011,[2],10703
2089,14,4,9674000,2011,[3],6452
2090,14,4,9674000,2011,[4],5544
2091,14,4,9674000,2011,[5],1929
2092,14,4,9674000,2011,[6],798
2093,14,4,9675000,2011,[0],37308
2094,14,4,9675000,2011,[1],10991
2095,14,4,9675000,2011,[2],11853
2096,14,4,9675000,2011,[3],6332
2097,14,4,9675000,2011,[4],5539
2098,14,4,9675000,2011,[5],1823
2099,14,4,9675000,2011,[6],770
2100,14,4,9676000,2011,[0],54143
2101,14,4,9676000,2011,[1],14933
2102,14,4,9676000,2011,[2],17116
2103,14,4,9676000,2011,[3],9860
2104,14,4,9676000,2011,[4],8466
2105,14,4,9676000,2011,[5],2598
2106,14,4,9676000,2011,[6],1170
2107,14,4,9677000,2011,[0],54673
2108,14,4,9677000,2011,[1],15879
2109,14,4,9677000,2011,[2],18017
2110,14,4,9677000,2011,[3],9291
2111,14,4,9677000,2011,[4],8113
2112,14,4,9677000,2011,[5],2478
2113,14,4,9677000,2011,[6],895
2114,14,4,9678000,2011,[0],47752
2115,14,4,9678000,2011,[1],12702
2116,14,4,9678000,2011,[2],15746
2117,14,4,9678000,2011,[3],8676
2118,14,4,9678000,2011,[4],7405
2119,14,4,9678000,2011,[5],2344
2120,14,4,9678000,2011,[6],879
2121,14,4,9679000,2011,[0],68900
2122,14,4,9679000,2011,[1],20374
2123,14,4,9679000,2011,[2],22451
2124,14,4,9679000,2011,[3],11879
2125,14,4,9679000,2011,[4],10124
2126,14,4,9679000,2011,[5],2987
2127,14,4,9679000,2011,[6],1085
2128,14,4,9761000,2011,[0],138889
2129,14,4,9761000,2011,[1],65133
2130,14,4,9761000,2011,[2],42873
2131,14,4,9761000,2011,[3],15223
2132,14,4,9761000,2011,[4],10613
2133,14,4,9761000,2011,[5],3531
2134,14,4,9761000,2011,[6],1516
2135,14,4,9762000,2011,[0],20111
2136,14,4,9762000,2011,[1],8362
2137,14,4,9762000,2011,[2],6476
2138,14,4,9762000,2011,[3],2494
2139,14,4,9762000,2011,[4],1949
2140,14,4,9762000,2011,[5],587
2141,14,4,9762000,2011,[6],243
2142,14,4,9763000,2011,[0],32265
2143,14,4,9763000,2011,[1],14297
2144,14,4,9763000,2011,[2],10215
2145,14,4,9763000,2011,[3],3800
2146,14,4,9763000,2011,[4],2722
2147,14,4,9763000,2011,[5],879
2148,14,4,9763000,2011,[6],352
2149,14,4,9764000,2011,[0],19857
2150,14,4,9764000,2011,[1],8273
2151,14,4,9764000,2011,[2],6192
2152,14,4,9764000,2011,[3],2373
2153,14,4,9764000,2011,[4],2027
2154,14,4,9764000,2011,[5],686
2155,14,4,9764000,2011,[6],306
2156,14,4,9771000,2011,[0],51796
2157,14,4,9771000,2011,[1],13935
2158,14,4,9771000,2011,[2],16963
2159,14,4,9771000,2011,[3],8946
2160,14,4,9771000,2011,[4],8385
2161,14,4,9771000,2011,[5],2577
2162,14,4,9771000,2011,[6],990
2163,14,4,9772000,2011,[0],101710
2164,14,4,9772000,2011,[1],29982
2165,14,4,9772000,2011,[2],33784
2166,14,4,9772000,2011,[3],17140
2167,14,4,9772000,2011,[4],14755
2168,14,4,9772000,2011,[5],4425
2169,14,4,9772000,2011,[6],1624
2170,14,4,9773000,2011,[0],37356
2171,14,4,9773000,2011,[1],10190
2172,14,4,9773000,2011,[2],11166
2173,14,4,9773000,2011,[3],6535
2174,14,4,9773000,2011,[4],6317
2175,14,4,9773000,2011,[5],2273
2176,14,4,9773000,2011,[6],875
2177,14,4,9774000,2011,[0],49100
2178,14,4,9774000,2011,[1],14487
2179,14,4,9774000,2011,[2],14765
2180,14,4,9774000,2011,[3],8388
2181,14,4,9774000,2011,[4],7599
2182,14,4,9774000,2011,[5],2676
2183,14,4,9774000,2011,[6],1185
2184,14,4,9775000,2011,[0],72748
2185,14,4,9775000,2011,[1],24487
2186,14,4,9775000,2011,[2],23173
2187,14,4,9775000,2011,[3],11104
2188,14,4,9775000,2011,[4],9684
2189,14,4,9775000,2011,[5],3018
2190,14,4,9775000,2011,[6],1282
2191,14,4,9776000,2011,[0],36779
2192,14,4,9776000,2011,[1],13497
2193,14,4,9776000,2011,[2],11984
2194,14,4,9776000,2011,[3],4637
2195,14,4,9776000,2011,[4],4351
2196,14,4,9776000,2011,[5],1535
2197,14,4,9776000,2011,[6],775
2198,14,4,9777000,2011,[0],58063
2199,14,4,9777000,2011,[1],18105
2200,14,4,9777000,2011,[2],18716
2201,14,4,9777000,2011,[3],8757
2202,14,4,9777000,2011,[4],8052
2203,14,4,9777000,2011,[5],3118
2204,14,4,9777000,2011,[6],1315
2205,14,4,9778000,2011,[0],56064
2206,14,4,9778000,2011,[1],16753
2207,14,4,9778000,2011,[2],17120
2208,14,4,9778000,2011,[3],8809
2209,14,4,9778000,2011,[4],8703
2210,14,4,9778000,2011,[5],3373
2211,14,4,9778000,2011,[6],1306
2212,14,4,9779000,2011,[0],52040
2213,14,4,9779000,2011,[1],14937
2214,14,4,9779000,2011,[2],15376
2215,14,4,9779000,2011,[3],8858
2216,14,4,9779000,2011,[4],8341
2217,14,4,9779000,2011,[5],3181
2218,14,4,9779000,2011,[6],1347
2219,14,4,9780000,2011,[0],72493
2220,14,4,9780000,2011,[1],25708
2221,14,4,9780000,2011,[2],23921
2222,14,4,9780000,2011,[3],9779
2223,14,4,9780000,2011,[4],8814
2224,14,4,9780000,2011,[5],3017
2225,14,4,9780000,2011,[6],1254
2226,14,4,10041000,2011,[0],161483
2227,14,4,10041000,2011,[1],67210
2228,14,4,10041000,2011,[2],52113
2229,14,4,10041000,2011,[3],22803
2230,14,4,10041000,2011,[4],13275
2231,14,4,10041000,2011,[5],4256
2232,14,4,10041000,2011,[6],1826
2233,14,4,10042000,2011,[0],44053
2234,14,4,10042000,2011,[1],12857
2235,14,4,10042000,2011,[2],14858
2236,14,4,10042000,2011,[3],8137
2237,14,4,10042000,2011,[4],5667
2238,14,4,10042000,2011,[5],1813
2239,14,4,10042000,2011,[6],721
2240,14,4,10043000,2011,[0],62231
2241,14,4,10043000,2011,[1],21370
2242,14,4,10043000,2011,[2],21788
2243,14,4,10043000,2011,[3],10409
2244,14,4,10043000,2011,[4],6155
2245,14,4,10043000,2011,[5],1752
2246,14,4,10043000,2011,[6],757
2247,14,4,10044000,2011,[0],86663
2248,14,4,10044000,2011,[1],26619
2249,14,4,10044000,2011,[2],29679
2250,14,4,10044000,2011,[3],15919
2251,14,4,10044000,2011,[4],10287
2252,14,4,10044000,2011,[5],2947
2253,14,4,10044000,2011,[6],1212
2254,14,4,10045000,2011,[0],66181
2255,14,4,10045000,2011,[1],22307
2256,14,4,10045000,2011,[2],23046
2257,14,4,10045000,2011,[3],10896
2258,14,4,10045000,2011,[4],7133
2259,14,4,10045000,2011,[5],1985
2260,14,4,10045000,2011,[6],814
2261,14,4,10046000,2011,[0],39242
2262,14,4,10046000,2011,[1],11329
2263,14,4,10046000,2011,[2],13487
2264,14,4,10046000,2011,[3],7389
2265,14,4,10046000,2011,[4],5101
2266,14,4,10046000,2011,[5],1426
2267,14,4,10046000,2011,[6],510
2268,14,4,11000000,2011,[0],1794936
2269,14,4,11000000,2011,[1],881613
2270,14,4,11000000,2011,[2],555758
2271,14,4,11000000,2011,[3],198155
2272,14,4,11000000,2011,[4],108215
2273,14,4,11000000,2011,[5],33104
2274,14,4,11000000,2011,[6],18091
2275,14,4,12051000,2011,[0],38545
2276,14,4,12051000,2011,[1],16161
2277,14,4,12051000,2011,[2],14631
2278,14,4,12051000,2011,[3],4969
2279,14,4,12051000,2011,[4],2118
2280,14,4,12051000,2011,[5],468
2281,14,4,12051000,2011,[6],198
2282,14,4,12052000,2011,[0],53790
2283,14,4,12052000,2011,[1],23843
2284,14,4,12052000,2011,[2],19315
2285,14,4,12052000,2011,[3],6807
2286,14,4,12052000,2011,[4],2893
2287,14,4,12052000,2011,[5],651
2288,14,4,12052000,2011,[6],281
2289,14,4,12053000,2011,[0],31780
2290,14,4,12053000,2011,[1],14049
2291,14,4,12053000,2011,[2],11209
2292,14,4,12053000,2011,[3],4175
2293,14,4,12053000,2011,[4],1792
2294,14,4,12053000,2011,[5],414
2295,14,4,12053000,2011,[6],141
2296,14,4,12054000,2011,[0],82826
2297,14,4,12054000,2011,[1],35930
2298,14,4,12054000,2011,[2],29354
2299,14,4,12054000,2011,[3],10514
2300,14,4,12054000,2011,[4],5281
2301,14,4,12054000,2011,[5],1283
2302,14,4,12054000,2011,[6],464
2303,14,4,12060000,2011,[0],81134
2304,14,4,12060000,2011,[1],25817
2305,14,4,12060000,2011,[2],32099
2306,14,4,12060000,2011,[3],14058
2307,14,4,12060000,2011,[4],6801
2308,14,4,12060000,2011,[5],1640
2309,14,4,12060000,2011,[6],719
2310,14,4,12061000,2011,[0],75017
2311,14,4,12061000,2011,[1],23480
2312,14,4,12061000,2011,[2],28928
2313,14,4,12061000,2011,[3],12982
2314,14,4,12061000,2011,[4],6978
2315,14,4,12061000,2011,[5],1852
2316,14,4,12061000,2011,[6],797
2317,14,4,12062000,2011,[0],51391
2318,14,4,12062000,2011,[1],16774
2319,14,4,12062000,2011,[2],18784
2320,14,4,12062000,2011,[3],9000
2321,14,4,12062000,2011,[4],4920
2322,14,4,12062000,2011,[5],1327
2323,14,4,12062000,2011,[6],586
2324,14,4,12063000,2011,[0],70168
2325,14,4,12063000,2011,[1],21648
2326,14,4,12063000,2011,[2],26581
2327,14,4,12063000,2011,[3],12523
2328,14,4,12063000,2011,[4],6925
2329,14,4,12063000,2011,[5],1790
2330,14,4,12063000,2011,[6],701
2331,14,4,12064000,2011,[0],87845
2332,14,4,12064000,2011,[1],27212
2333,14,4,12064000,2011,[2],35058
2334,14,4,12064000,2011,[3],15418
2335,14,4,12064000,2011,[4],7457
2336,14,4,12064000,2011,[5],1917
2337,14,4,12064000,2011,[6],783
2338,14,4,12065000,2011,[0],94243
2339,14,4,12065000,2011,[1],29893
2340,14,4,12065000,2011,[2],36817
2341,14,4,12065000,2011,[3],16297
2342,14,4,12065000,2011,[4],8327
2343,14,4,12065000,2011,[5],2029
2344,14,4,12065000,2011,[6],880
2345,14,4,12066000,2011,[0],58619
2346,14,4,12066000,2011,[1],21649
2347,14,4,12066000,2011,[2],21965
2348,14,4,12066000,2011,[3],8927
2349,14,4,12066000,2011,[4],4521
2350,14,4,12066000,2011,[5],1099
2351,14,4,12066000,2011,[6],458
2352,14,4,12067000,2011,[0],85563
2353,14,4,12067000,2011,[1],28700
2354,14,4,12067000,2011,[2],32479
2355,14,4,12067000,2011,[3],14427
2356,14,4,12067000,2011,[4],7204
2357,14,4,12067000,2011,[5],1863
2358,14,4,12067000,2011,[6],890
2359,14,4,12068000,2011,[0],48268
2360,14,4,12068000,2011,[1],17126
2361,14,4,12068000,2011,[2],17564
2362,14,4,12068000,2011,[3],8094
2363,14,4,12068000,2011,[4],3943
2364,14,4,12068000,2011,[5],1038
2365,14,4,12068000,2011,[6],503
2366,14,4,12069000,2011,[0],88859
2367,14,4,12069000,2011,[1],24529
2368,14,4,12069000,2011,[2],32539
2369,14,4,12069000,2011,[3],17376
2370,14,4,12069000,2011,[4],10378
2371,14,4,12069000,2011,[5],2803
2372,14,4,12069000,2011,[6],1234
2373,14,4,12070000,2011,[0],39841
2374,14,4,12070000,2011,[1],14838
2375,14,4,12070000,2011,[2],14612
2376,14,4,12070000,2011,[3],6149
2377,14,4,12070000,2011,[4],3078
2378,14,4,12070000,2011,[5],791
2379,14,4,12070000,2011,[6],373
2380,14,4,12071000,2011,[0],57837
2381,14,4,12071000,2011,[1],18834
2382,14,4,12071000,2011,[2],21369
2383,14,4,12071000,2011,[3],10235
2384,14,4,12071000,2011,[4],5435
2385,14,4,12071000,2011,[5],1361
2386,14,4,12071000,2011,[6],603
2387,14,4,12072000,2011,[0],74609
2388,14,4,12072000,2011,[1],24889
2389,14,4,12072000,2011,[2],27710
2390,14,4,12072000,2011,[3],12819
2391,14,4,12072000,2011,[4],6671
2392,14,4,12072000,2011,[5],1738
2393,14,4,12072000,2011,[6],782
2394,14,4,12073000,2011,[0],62135
2395,14,4,12073000,2011,[1],22790
2396,14,4,12073000,2011,[2],23677
2397,14,4,12073000,2011,[3],9398
2398,14,4,12073000,2011,[4],4588
2399,14,4,12073000,2011,[5],1180
2400,14,4,12073000,2011,[6],502
2401,14,4,13003000,2011,[0],113422
2402,14,4,13003000,2011,[1],53880
2403,14,4,13003000,2011,[2],40079
2404,14,4,13003000,2011,[3],12335
2405,14,4,13003000,2011,[4],5470
2406,14,4,13003000,2011,[5],1150
2407,14,4,13003000,2011,[6],508
2408,14,4,13004000,2011,[0],51278
2409,14,4,13004000,2011,[1],24837
2410,14,4,13004000,2011,[2],17815
2411,14,4,13004000,2011,[3],5362
2412,14,4,13004000,2011,[4],2376
2413,14,4,13004000,2011,[5],604
2414,14,4,13004000,2011,[6],284
2415,14,4,13071000,2011,[0],133171
2416,14,4,13071000,2011,[1],49110
2417,14,4,13071000,2011,[2],49187
2418,14,4,13071000,2011,[3],20781
2419,14,4,13071000,2011,[4],10421
2420,14,4,13071000,2011,[5],2572
2421,14,4,13071000,2011,[6],1100
2422,14,4,13072000,2011,[0],98434
2423,14,4,13072000,2011,[1],30572
2424,14,4,13072000,2011,[2],36066
2425,14,4,13072000,2011,[3],18303
2426,14,4,13072000,2011,[4],9824
2427,14,4,13072000,2011,[5],2496
2428,14,4,13072000,2011,[6],1173
2429,14,4,13073000,2011,[0],113000
2430,14,4,13073000,2011,[1],41807
2431,14,4,13073000,2011,[2],42348
2432,14,4,13073000,2011,[3],17471
2433,14,4,13073000,2011,[4],8303
2434,14,4,13073000,2011,[5],2152
2435,14,4,13073000,2011,[6],919
2436,14,4,13074000,2011,[0],74144
2437,14,4,13074000,2011,[1],24796
2438,14,4,13074000,2011,[2],27129
2439,14,4,13074000,2011,[3],12671
2440,14,4,13074000,2011,[4],6854
2441,14,4,13074000,2011,[5],1796
2442,14,4,13074000,2011,[6],898
2443,14,4,13075000,2011,[0],120920
2444,14,4,13075000,2011,[1],45446
2445,14,4,13075000,2011,[2],43318
2446,14,4,13075000,2011,[3],18900
2447,14,4,13075000,2011,[4],9443
2448,14,4,13075000,2011,[5],2606
2449,14,4,13075000,2011,[6],1207
2450,14,4,13076000,2011,[0],98633
2451,14,4,13076000,2011,[1],30999
2452,14,4,13076000,2011,[2],35353
2453,14,4,13076000,2011,[3],18363
2454,14,4,13076000,2011,[4],10132
2455,14,4,13076000,2011,[5],2611
2456,14,4,13076000,2011,[6],1175
2457,14,4,14511000,2011,[0],131336
2458,14,4,14511000,2011,[1],59473
2459,14,4,14511000,2011,[2],47610
2460,14,4,14511000,2011,[3],15191
2461,14,4,14511000,2011,[4],6877
2462,14,4,14511000,2011,[5],1591
2463,14,4,14511000,2011,[6],594
2464,14,4,14521000,2011,[0],174577
2465,14,4,14521000,2011,[1],60516
2466,14,4,14521000,2011,[2],65619
2467,14,4,14521000,2011,[3],28094
2468,14,4,14521000,2011,[4],14977
2469,14,4,14521000,2011,[5],3773
2470,14,4,14521000,2011,[6],1598
2471,14,4,14522000,2011,[0],157155
2472,14,4,14522000,2011,[1],55284
2473,14,4,14522000,2011,[2],59039
2474,14,4,14522000,2011,[3],24666
2475,14,4,14522000,2011,[4],13502
2476,14,4,14522000,2011,[5],3218
2477,14,4,14522000,2011,[6],1446
2478,14,4,14523000,2011,[0],120866
2479,14,4,14523000,2011,[1],45882
2480,14,4,14523000,2011,[2],44697
2481,14,4,14523000,2011,[3],18330
2482,14,4,14523000,2011,[4],8835
2483,14,4,14523000,2011,[5],2177
2484,14,4,14523000,2011,[6],945
2485,14,4,14524000,2011,[0],167404
2486,14,4,14524000,2011,[1],63220
2487,14,4,14524000,2011,[2],63950
2488,14,4,14524000,2011,[3],24375
2489,14,4,14524000,2011,[4],11868
2490,14,4,14524000,2011,[5],2803
2491,14,4,14524000,2011,[6],1188
2492,14,4,14612000,2011,[0],275943
2493,14,4,14612000,2011,[1],125282
2494,14,4,14612000,2011,[2],94577
2495,14,4,14612000,2011,[3],32904
2496,14,4,14612000,2011,[4],17648
2497,14,4,14612000,2011,[5],4094
2498,14,4,14612000,2011,[6],1438
2499,14,4,14625000,2011,[0],147234
2500,14,4,14625000,2011,[1],48410
2501,14,4,14625000,2011,[2],52610
2502,14,4,14625000,2011,[3],25170
2503,14,4,14625000,2011,[4],15186
2504,14,4,14625000,2011,[5],4092
2505,14,4,14625000,2011,[6],1766
2506,14,4,14626000,2011,[0],132432
2507,14,4,14626000,2011,[1],48534
2508,14,4,14626000,2011,[2],48412
2509,14,4,14626000,2011,[3],20138
2510,14,4,14626000,2011,[4],11177
2511,14,4,14626000,2011,[5],2927
2512,14,4,14626000,2011,[6],1244
2513,14,4,14627000,2011,[0],119184
2514,14,4,14627000,2011,[1],41721
2515,14,4,14627000,2011,[2],43942
2516,14,4,14627000,2011,[3],19130
2517,14,4,14627000,2011,[4],10554
2518,14,4,14627000,2011,[5],2681
2519,14,4,14627000,2011,[6],1156
2520,14,4,14628000,2011,[0],118955
2521,14,4,14628000,2011,[1],41286
2522,14,4,14628000,2011,[2],44940
2523,14,4,14628000,2011,[3],18595
2524,14,4,14628000,2011,[4],10612
2525,14,4,14628000,2011,[5],2474
2526,14,4,14628000,2011,[6],1048
2527,14,4,14713000,2011,[0],283622
2528,14,4,14713000,2011,[1],138356
2529,14,4,14713000,2011,[2],96043
2530,14,4,14713000,2011,[3],30161
2531,14,4,14713000,2011,[4],14329
2532,14,4,14713000,2011,[5],3434
2533,14,4,14713000,2011,[6],1299
2534,14,4,14729000,2011,[0],124450
2535,14,4,14729000,2011,[1],41508
2536,14,4,14729000,2011,[2],48000
2537,14,4,14729000,2011,[3],20710
2538,14,4,14729000,2011,[4],10705
2539,14,4,14729000,2011,[5],2514
2540,14,4,14729000,2011,[6],1013
2541,14,4,14730000,2011,[0],95324
2542,14,4,14730000,2011,[1],32059
2543,14,4,14730000,2011,[2],35143
2544,14,4,14730000,2011,[3],16826
2545,14,4,14730000,2011,[4],8390
2546,14,4,14730000,2011,[5],2026
2547,14,4,14730000,2011,[6],880
2548,14,4,15001000,2011,[0],45106
2549,14,4,15001000,2011,[1],18127
2550,14,4,15001000,2011,[2],17609
2551,14,4,15001000,2011,[3],6108
2552,14,4,15001000,2011,[4],2481
2553,14,4,15001000,2011,[5],526
2554,14,4,15001000,2011,[6],255
2555,14,4,15002000,2011,[0],125430
2556,14,4,15002000,2011,[1],57062
2557,14,4,15002000,2011,[2],45439
2558,14,4,15002000,2011,[3],14150
2559,14,4,15002000,2011,[4],6330
2560,14,4,15002000,2011,[5],1646
2561,14,4,15002000,2011,[6],803
2562,14,4,15003000,2011,[0],124436
2563,14,4,15003000,2011,[1],57619
2564,14,4,15003000,2011,[2],43199
2565,14,4,15003000,2011,[3],14848
2566,14,4,15003000,2011,[4],6419
2567,14,4,15003000,2011,[5],1575
2568,14,4,15003000,2011,[6],776
2569,14,4,15081000,2011,[0],39584
2570,14,4,15081000,2011,[1],12704
2571,14,4,15081000,2011,[2],13445
2572,14,4,15081000,2011,[3],7329
2573,14,4,15081000,2011,[4],4303
2574,14,4,15081000,2011,[5],1214
2575,14,4,15081000,2011,[6],589
2576,14,4,15082000,2011,[0],84012
2577,14,4,15082000,2011,[1],30364
2578,14,4,15082000,2011,[2],31654
2579,14,4,15082000,2011,[3],13674
2580,14,4,15082000,2011,[4],6154
2581,14,4,15082000,2011,[5],1491
2582,14,4,15082000,2011,[6],675
2583,14,4,15083000,2011,[0],79964
2584,14,4,15083000,2011,[1],23704
2585,14,4,15083000,2011,[2],29415
2586,14,4,15083000,2011,[3],16246
2587,14,4,15083000,2011,[4],7899
2588,14,4,15083000,2011,[5],1837
2589,14,4,15083000,2011,[6],863
2590,14,4,15084000,2011,[0],91598
2591,14,4,15084000,2011,[1],32839
2592,14,4,15084000,2011,[2],33885
2593,14,4,15084000,2011,[3],15156
2594,14,4,15084000,2011,[4],6930
2595,14,4,15084000,2011,[5],1833
2596,14,4,15084000,2011,[6],955
2597,14,4,15085000,2011,[0],111032
2598,14,4,15085000,2011,[1],40605
2599,14,4,15085000,2011,[2],42306
2600,14,4,15085000,2011,[3],17381
2601,14,4,15085000,2011,[4],8049
2602,14,4,15085000,2011,[5],1856
2603,14,4,15085000,2011,[6],835
2604,14,4,15086000,2011,[0],44080
2605,14,4,15086000,2011,[1],14491
2606,14,4,15086000,2011,[2],16259
2607,14,4,15086000,2011,[3],8110
2608,14,4,15086000,2011,[4],3900
2609,14,4,15086000,2011,[5],934
2610,14,4,15086000,2011,[6],386
2611,14,4,15087000,2011,[0],70345
2612,14,4,15087000,2011,[1],23352
2613,14,4,15087000,2011,[2],27100
2614,14,4,15087000,2011,[3],12217
2615,14,4,15087000,2011,[4],5544
2616,14,4,15087000,2011,[5],1470
2617,14,4,15087000,2011,[6],662
2618,14,4,15088000,2011,[0],89563
2619,14,4,15088000,2011,[1],28167
2620,14,4,15088000,2011,[2],34319
2621,14,4,15088000,2011,[3],16612
2622,14,4,15088000,2011,[4],7571
2623,14,4,15088000,2011,[5],1990
2624,14,4,15088000,2011,[6],904
2625,14,4,15089000,2011,[0],101298
2626,14,4,15089000,2011,[1],36962
2627,14,4,15089000,2011,[2],38757
2628,14,4,15089000,2011,[3],16213
2629,14,4,15089000,2011,[4],6882
2630,14,4,15089000,2011,[5],1679
2631,14,4,15089000,2011,[6],805
2632,14,4,15090000,2011,[0],57049
2633,14,4,15090000,2011,[1],20131
2634,14,4,15090000,2011,[2],20301
2635,14,4,15090000,2011,[3],9851
2636,14,4,15090000,2011,[4],4920
2637,14,4,15090000,2011,[5],1284
2638,14,4,15090000,2011,[6],562
2639,14,4,15091000,2011,[0],63835
2640,14,4,15091000,2011,[1],21764
2641,14,4,15091000,2011,[2],24331
2642,14,4,15091000,2011,[3],10694
2643,14,4,15091000,2011,[4],5133
2644,14,4,15091000,2011,[5],1328
2645,14,4,15091000,2011,[6],585
2646,14,4,16051000,2011,[0],106621
2647,14,4,16051000,2011,[1],46854
2648,14,4,16051000,2011,[2],37987
2649,14,4,16051000,2011,[3],13344
2650,14,4,16051000,2011,[4],6227
2651,14,4,16051000,2011,[5],1544
2652,14,4,16051000,2011,[6],665
2653,14,4,16052000,2011,[0],52673
2654,14,4,16052000,2011,[1],23810
2655,14,4,16052000,2011,[2],19473
2656,14,4,16052000,2011,[3],6213
2657,14,4,16052000,2011,[4],2483
2658,14,4,16052000,2011,[5],476
2659,14,4,16052000,2011,[6],218
2660,14,4,16053000,2011,[0],57580
2661,14,4,16053000,2011,[1],24962
2662,14,4,16053000,2011,[2],19006
2663,14,4,16053000,2011,[3],8165
2664,14,4,16053000,2011,[4],3920
2665,14,4,16053000,2011,[5],1036
2666,14,4,16053000,2011,[6],491
2667,14,4,16054000,2011,[0],19634
2668,14,4,16054000,2011,[1],8123
2669,14,4,16054000,2011,[2],7537
2670,14,4,16054000,2011,[3],2548
2671,14,4,16054000,2011,[4],1066
2672,14,4,16054000,2011,[5],252
2673,14,4,16054000,2011,[6],108
2674,14,4,16055000,2011,[0],32345
2675,14,4,16055000,2011,[1],14057
2676,14,4,16055000,2011,[2],11007
2677,14,4,16055000,2011,[3],4141
2678,14,4,16055000,2011,[4],2234
2679,14,4,16055000,2011,[5],589
2680,14,4,16055000,2011,[6],317
2681,14,4,16056000,2011,[0],21753
2682,14,4,16056000,2011,[1],9270
2683,14,4,16056000,2011,[2],7839
2684,14,4,16056000,2011,[3],2809
2685,14,4,16056000,2011,[4],1332
2686,14,4,16056000,2011,[5],347
2687,14,4,16056000,2011,[6],156
2688,14,4,16061000,2011,[0],42160
2689,14,4,16061000,2011,[1],11558
2690,14,4,16061000,2011,[2],13485
2691,14,4,16061000,2011,[3],8257
2692,14,4,16061000,2011,[4],5818
2693,14,4,16061000,2011,[5],2029
2694,14,4,16061000,2011,[6],1013
2695,14,4,16062000,2011,[0],41719
2696,14,4,16062000,2011,[1],14610
2697,14,4,16062000,2011,[2],14995
2698,14,4,16062000,2011,[3],7299
2699,14,4,16062000,2011,[4],3454
2700,14,4,16062000,2011,[5],965
2701,14,4,16062000,2011,[6],396
2702,14,4,16063000,2011,[0],56648
2703,14,4,16063000,2011,[1],16137
2704,14,4,16063000,2011,[2],19221
2705,14,4,16063000,2011,[3],11473
2706,14,4,16063000,2011,[4],6789
2707,14,4,16063000,2011,[5],2051
2708,14,4,16063000,2011,[6],977
2709,14,4,16064000,2011,[0],47972
2710,14,4,16064000,2011,[1],15656
2711,14,4,16064000,2011,[2],16287
2712,14,4,16064000,2011,[3],8644
2713,14,4,16064000,2011,[4],5204
2714,14,4,16064000,2011,[5],1495
2715,14,4,16064000,2011,[6],686
2716,14,4,16065000,2011,[0],36891
2717,14,4,16065000,2011,[1],11514
2718,14,4,16065000,2011,[2],13395
2719,14,4,16065000,2011,[3],7118
2720,14,4,16065000,2011,[4],3481
2721,14,4,16065000,2011,[5],993
2722,14,4,16065000,2011,[6],390
2723,14,4,16066000,2011,[0],58378
2724,14,4,16066000,2011,[1],18125
2725,14,4,16066000,2011,[2],20472
2726,14,4,16066000,2011,[3],11434
2727,14,4,16066000,2011,[4],5945
2728,14,4,16066000,2011,[5],1675
2729,14,4,16066000,2011,[6],727
2730,14,4,16067000,2011,[0],64073
2731,14,4,16067000,2011,[1],21570
2732,14,4,16067000,2011,[2],23847
2733,14,4,16067000,2011,[3],10934
2734,14,4,16067000,2011,[4],5618
2735,14,4,16067000,2011,[5],1470
2736,14,4,16067000,2011,[6],634
2737,14,4,16068000,2011,[0],32148
2738,14,4,16068000,2011,[1],9403
2739,14,4,16068000,2011,[2],11932
2740,14,4,16068000,2011,[3],6272
2741,14,4,16068000,2011,[4],3236
2742,14,4,16068000,2011,[5],887
2743,14,4,16068000,2011,[6],418
2744,14,4,16069000,2011,[0],28870
2745,14,4,16069000,2011,[1],8381
2746,14,4,16069000,2011,[2],9379
2747,14,4,16069000,2011,[3],5993
2748,14,4,16069000,2011,[4],3593
2749,14,4,16069000,2011,[5],1041
2750,14,4,16069000,2011,[6],483
2751,14,4,16070000,2011,[0],54910
2752,14,4,16070000,2011,[1],20437
2753,14,4,16070000,2011,[2],19003
2754,14,4,16070000,2011,[3],9163
2755,14,4,16070000,2011,[4],4666
2756,14,4,16070000,2011,[5],1178
2757,14,4,16070000,2011,[6],463
2758,14,4,16071000,2011,[0],37625
2759,14,4,16071000,2011,[1],11656
2760,14,4,16071000,2011,[2],13856
2761,14,4,16071000,2011,[3],6981
2762,14,4,16071000,2011,[4],3763
2763,14,4,16071000,2011,[5],964
2764,14,4,16071000,2011,[6],405
2765,14,4,16072000,2011,[0],28157
2766,14,4,16072000,2011,[1],9681
2767,14,4,16072000,2011,[2],9965
2768,14,4,16072000,2011,[3],5145
2769,14,4,16072000,2011,[4],2391
2770,14,4,16072000,2011,[5],670
2771,14,4,16072000,2011,[6],305
2772,14,4,16073000,2011,[0],55169
2773,14,4,16073000,2011,[1],19799
2774,14,4,16073000,2011,[2],19653
2775,14,4,16073000,2011,[3],9253
2776,14,4,16073000,2011,[4],4691
2777,14,4,16073000,2011,[5],1247
2778,14,4,16073000,2011,[6],526
2779,14,4,16074000,2011,[0],39134
2780,14,4,16074000,2011,[1],12098
2781,14,4,16074000,2011,[2],14781
2782,14,4,16074000,2011,[3],7119
2783,14,4,16074000,2011,[4],3741
2784,14,4,16074000,2011,[5],966
2785,14,4,16074000,2011,[6],429
2786,14,4,16075000,2011,[0],39891
2787,14,4,16075000,2011,[1],12943
2788,14,4,16075000,2011,[2],13886
2789,14,4,16075000,2011,[3],7386
2790,14,4,16075000,2011,[4],4061
2791,14,4,16075000,2011,[5],1106
2792,14,4,16075000,2011,[6],509
2793,14,4,16076000,2011,[0],51028
2794,14,4,16076000,2011,[1],17763
2795,14,4,16076000,2011,[2],18476
2796,14,4,16076000,2011,[3],8902
2797,14,4,16076000,2011,[4],4373
2798,14,4,16076000,2011,[5],1085
2799,14,4,16076000,2011,[6],429
2800,14,4,16077000,2011,[0],48438
2801,14,4,16077000,2011,[1],17958
2802,14,4,16077000,2011,[2],18987
2803,14,4,16077000,2011,[3],7259
2804,14,4,16077000,2011,[4],3151
2805,14,4,16077000,2011,[5],741
2806,14,4,16077000,2011,[6],342
